sku,ean,price_before,price_after,stock,collectionhours,shopify_sku,vendor,match_status,shopify_price,current_220_price,price_raised,stock_source
000053-0017-XS,4751043571381,20.0,20.0,6,24,000053-0017-XS,Outfish,MATCH_EXPLICIT_220_MAPPING,20.0,10.0,True,STORE
000053-0017-S,4751043571404,20.0,20.0,0,24,000053-0017-S,Outfish,MATCH_EXPLICIT_220_MAPPING,20.0,10.0,True,NONE
000055-0004-OneSize,4751043572302,9.9,9.9,0,24,000055-0004,Outfish,MATCH_EXPLICIT_220_MAPPING,9.9,5.0,True,NONE
000055-0008-OneSize,4751043572326,9.9,9.9,3,24,000055-0008,Outfish,MATCH_EXPLICIT_220_MAPPING,9.9,5.0,True,STORE
000056-0004-XS,4751043572340,17.5,17.5,0,72,000056-0004-XS,Outfish,MATCH_EXPLICIT_220_MAPPING,17.5,17.5,False,NONE
000056-0004-S,4751043572364,17.5,17.5,0,72,000056-0004-S,Outfish,MATCH_EXPLICIT_220_MAPPING,17.5,17.5,False,NONE
000056-0004-M,4751043572388,17.5,17.5,0,72,000056-0004-M,Outfish,MATCH_EXPLICIT_220_MAPPING,17.5,17.5,False,NONE
000056-0004-L,4751043572401,17.5,17.5,0,72,000056-0004-L,Outfish,MATCH_EXPLICIT_220_MAPPING,17.5,17.5,False,NONE
000056-0004-XL,4751043572425,17.5,17.5,0,72,000056-0004-XL,Outfish,MATCH_EXPLICIT_220_MAPPING,17.5,17.5,False,NONE
000056-0004-2XL,4751043572449,17.5,17.5,4,24,000056-0004-2XL,Outfish,MATCH_EXPLICIT_220_MAPPING,17.5,12.0,True,STORE
000056-0004-3XL,4751043572463,17.5,17.5,3,24,000056-0004-3XL,Outfish,MATCH_EXPLICIT_220_MAPPING,17.5,12.0,True,STORE
000056-0004-4XL,4751043572487,17.5,17.5,3,24,000056-0004-4XL,Outfish,MATCH_EXPLICIT_220_MAPPING,17.5,12.0,True,STORE
000056-0004-5XL,4751043572500,17.5,17.5,0,72,000056-0004-5XL,Outfish,MATCH_EXPLICIT_220_MAPPING,17.5,17.5,False,NONE
000056-0023-XS,4751043572524,12.0,12.0,3,24,000056-0023-XS,Outfish,MATCH_EXPLICIT_220_MAPPING,9.0,12.0,False,STORE
000056-0023-S,4751043572548,12.0,12.0,3,24,000056-0023-S,Outfish,MATCH_EXPLICIT_220_MAPPING,9.0,12.0,False,STORE
000056-0023-M,4751043572562,17.5,17.5,0,72,000056-0023-M,Outfish,MATCH_EXPLICIT_220_MAPPING,9.0,17.5,False,NONE
000056-0023-L,4751043572586,17.5,17.5,0,72,000056-0023-L,Outfish,MATCH_EXPLICIT_220_MAPPING,9.0,17.5,False,NONE
000056-0023-XL,4751043572609,17.5,17.5,0,72,000056-0023-XL,Outfish,MATCH_EXPLICIT_220_MAPPING,9.0,17.5,False,NONE
000056-0023-2XL,4751043572623,17.5,17.5,0,72,000056-0023-2XL,Outfish,MATCH_EXPLICIT_220_MAPPING,9.0,17.5,False,NONE
000056-0023-3XL,4751043572647,17.5,17.5,0,72,000056-0023-3XL,Outfish,MATCH_EXPLICIT_220_MAPPING,9.0,17.5,False,NONE
000056-0023-4XL,4751043572661,17.5,17.5,0,72,000056-0023-4XL,Outfish,MATCH_EXPLICIT_220_MAPPING,9.0,17.5,False,NONE
000056-0023-5XL,4751043572685,17.5,17.5,0,72,000056-0023-5XL,Outfish,MATCH_EXPLICIT_220_MAPPING,9.0,17.5,False,NONE
000057-0007-XS,4751043573064,19.9,19.9,3,24,000057-0007-XS,Outfish,MATCH_EXPLICIT_220_MAPPING,11.0,19.9,False,STORE
000057-0007-S,4751043573088,19.9,19.9,0,72,000057-0007-S,Outfish,MATCH_EXPLICIT_220_MAPPING,11.0,19.9,False,NONE
000057-0005-XS,4751043573248,19.9,19.9,3,24,000057-0005-XS,Outfish,MATCH_EXPLICIT_220_MAPPING,11.0,19.9,False,STORE
000058-0004-2XL,4751043573705,20.0,20.0,3,24,000058-0004-2XL,Outfish,MATCH_EXPLICIT_220_MAPPING,19.0,20.0,False,STORE
000059-0022-XS,4751043574146,12.5,12.5,3,24,000059-0022-XS,Outfish,MATCH_EXPLICIT_220_MAPPING,12.5,12.5,False,STORE
000059-0022-S,4751043574160,12.5,12.5,4,24,000059-0022-S,Outfish,MATCH_EXPLICIT_220_MAPPING,12.5,12.5,False,STORE
000059-0022-2XL,4751043574245,12.5,12.5,0,72,000059-0022-2XL,Outfish,MATCH_EXPLICIT_220_MAPPING,12.5,12.5,False,NONE
000059-0022-3XL,4751043574269,12.5,12.5,5,24,000059-0022-3XL,Outfish,MATCH_EXPLICIT_220_MAPPING,12.5,12.5,False,STORE
000060-0026-XS,4751043574320,14.5,14.5,5,24,000060-0026-XS,Outfish,MATCH_EXPLICIT_220_MAPPING,14.5,14.5,False,STORE
000060-0026-S,4751043574344,14.5,14.5,4,24,000060-0026-S,Outfish,MATCH_EXPLICIT_220_MAPPING,14.5,14.5,False,STORE
000060-0026-2XL,4751043574429,14.5,14.5,3,24,000060-0026-2XL,Outfish,MATCH_EXPLICIT_220_MAPPING,14.5,14.5,False,STORE
000060-0026-3XL,4751043574443,14.5,14.5,3,24,000060-0026-3XL,Outfish,MATCH_EXPLICIT_220_MAPPING,14.5,14.5,False,STORE
000060-0025-XS,4751043574504,14.5,14.5,4,24,000060-0025-XS,Outfish,MATCH_EXPLICIT_220_MAPPING,14.5,14.5,False,STORE
000060-0025-S,4751043574528,14.5,14.5,3,24,000060-0025-S,Outfish,MATCH_EXPLICIT_220_MAPPING,14.5,14.5,False,STORE
000060-0025-M,4751043574542,14.5,14.5,0,72,000060-0025-M,Outfish,MATCH_EXPLICIT_220_MAPPING,14.5,14.5,False,NONE
000060-0025-L,4751043574566,14.5,14.5,0,72,000060-0025-L,Outfish,MATCH_EXPLICIT_220_MAPPING,14.5,14.5,False,NONE
000060-0025-XL,4751043574580,14.5,14.5,0,72,000060-0025-XL,Outfish,MATCH_EXPLICIT_220_MAPPING,14.5,14.5,False,NONE
000060-0025-2XL,4751043574603,14.5,14.5,3,24,000060-0025-2XL,Outfish,MATCH_EXPLICIT_220_MAPPING,14.5,14.5,False,STORE
000060-0025-3XL,4751043574627,14.5,14.5,10,24,000060-0025-3XL,Outfish,MATCH_EXPLICIT_220_MAPPING,14.5,14.5,False,STORE
000060-0024-XS,4751043574689,14.5,14.5,6,24,000060-0024-XS,Outfish,MATCH_EXPLICIT_220_MAPPING,14.5,14.5,False,STORE
000060-0024-S,4751043574702,14.5,14.5,3,24,000060-0024-S,Outfish,MATCH_EXPLICIT_220_MAPPING,14.5,14.5,False,STORE
000060-0024-2XL,4751043574788,14.5,14.5,0,72,000060-0024-2XL,Outfish,MATCH_EXPLICIT_220_MAPPING,14.5,14.5,False,NONE
000060-0024-3XL,4751043574801,14.5,14.5,0,72,000060-0024-3XL,Outfish,MATCH_EXPLICIT_220_MAPPING,14.5,14.5,False,NONE
000060-0024-4XL,4751043574825,14.5,14.5,0,72,000060-0024-4XL,Outfish,MATCH_EXPLICIT_220_MAPPING,14.5,14.5,False,NONE
000061-0006-3XL,4751043574986,9.5,9.5,3,24,000061-0006-3XL,Outfish,MATCH_EXPLICIT_220_MAPPING,9.5,9.5,False,STORE
000061-0005-2XL,4751043575143,9.5,9.5,4,24,000061-0005-2XL,Outfish,MATCH_EXPLICIT_220_MAPPING,9.5,9.5,False,STORE
000061-0005-3XL,4751043575167,9.5,9.5,3,24,000061-0005-3XL,Outfish,MATCH_EXPLICIT_220_MAPPING,9.5,9.5,False,STORE
000064-0005-XS,4751043576126,15.5,15.5,3,24,000064-0005-XS,Outfish,MATCH_EXPLICIT_220_MAPPING,15.5,15.5,False,STORE
000064-0005-S,4751043576140,15.5,15.5,0,72,000064-0005-S,Outfish,MATCH_EXPLICIT_220_MAPPING,15.5,15.5,False,NONE
000064-0005-M,4751043576164,15.5,15.5,3,24,000064-0005-M,Outfish,MATCH_EXPLICIT_220_MAPPING,15.5,15.5,False,STORE
000064-0005-L,4751043576188,15.5,15.5,0,72,000064-0005-L,Outfish,MATCH_EXPLICIT_220_MAPPING,15.5,15.5,False,NONE
000064-0005-XL,4751043576201,15.5,15.5,0,72,000064-0005-XL,Outfish,MATCH_EXPLICIT_220_MAPPING,15.5,15.5,False,NONE
000064-0005-2XL,4751043576225,15.5,15.5,0,72,000064-0005-2XL,Outfish,MATCH_EXPLICIT_220_MAPPING,15.5,15.5,False,NONE
000064-0005-3XL,4751043576249,15.5,15.5,0,72,000064-0005-3XL,Outfish,MATCH_EXPLICIT_220_MAPPING,15.5,15.5,False,NONE
000064-0005-4XL,4751043576263,15.5,15.5,0,72,000064-0005-4XL,Outfish,MATCH_EXPLICIT_220_MAPPING,15.5,15.5,False,NONE
000064-0005-5XL,4751043576287,15.5,15.5,0,72,000064-0005-5XL,Outfish,MATCH_EXPLICIT_220_MAPPING,15.5,15.5,False,NONE
000064-0006-XS,4751043576300,19.0,19.0,3,24,000064-0006-XS,Outfish,MATCH_EXPLICIT_220_MAPPING,19.0,15.5,True,STORE
000064-0006-S,4751043576324,19.0,19.0,0,72,000064-0006-S,Outfish,MATCH_EXPLICIT_220_MAPPING,19.0,15.5,True,NONE
000064-0006-M,4751043576348,19.0,19.0,3,24,000064-0006-M,Outfish,MATCH_EXPLICIT_220_MAPPING,19.0,15.5,True,STORE
000064-0006-L,4751043576362,19.0,19.0,0,72,000064-0006-L,Outfish,MATCH_EXPLICIT_220_MAPPING,19.0,15.5,True,NONE
000064-0006-XL,4751043576386,19.0,19.0,0,72,000064-0006-XL,Outfish,MATCH_EXPLICIT_220_MAPPING,19.0,15.5,True,NONE
000064-0006-2XL,4751043576409,19.0,19.0,7,24,000064-0006-2XL,Outfish,MATCH_EXPLICIT_220_MAPPING,19.0,15.5,True,STORE
000064-0006-3XL,4751043576423,19.0,19.0,3,24,000064-0006-3XL,Outfish,MATCH_EXPLICIT_220_MAPPING,19.0,15.5,True,STORE
000064-0006-4XL,4751043576447,19.0,19.0,0,72,000064-0006-4XL,Outfish,MATCH_EXPLICIT_220_MAPPING,19.0,15.5,True,NONE
000064-0006-5XL,4751043576461,19.0,19.0,0,72,000064-0006-5XL,Outfish,MATCH_EXPLICIT_220_MAPPING,19.0,15.5,True,NONE
000065-0006-S,4751043576683,31.0,31.0,0,72,000065-0006-S,Outfish,MATCH_EXPLICIT_220_MAPPING,31.0,14.95,True,NONE
000065-0006-M,4751043576706,31.0,31.0,0,72,000065-0006-M,Outfish,MATCH_EXPLICIT_220_MAPPING,31.0,14.95,True,NONE
000065-0006-L,4751043576720,31.0,31.0,0,72,000065-0006-L,Outfish,MATCH_EXPLICIT_220_MAPPING,31.0,14.95,True,NONE
000065-0006-XL,4751043576744,31.0,31.0,3,24,000065-0006-XL,Outfish,MATCH_EXPLICIT_220_MAPPING,31.0,14.95,True,STORE
000065-0006-2XL,4751043576768,31.0,31.0,3,24,000065-0006-2XL,Outfish,MATCH_EXPLICIT_220_MAPPING,31.0,14.95,True,STORE
000065-0006-3XL,4751043576782,31.0,31.0,0,72,000065-0006-3XL,Outfish,MATCH_EXPLICIT_220_MAPPING,31.0,14.95,True,NONE
000065-0006-4XL,4751043576805,31.0,31.0,0,72,000065-0006-4XL,Outfish,MATCH_EXPLICIT_220_MAPPING,31.0,14.95,True,NONE
000066-0006-S,4751043576867,15.0,15.0,3,24,000066-0006-S,Outfish,MATCH_EXPLICIT_220_MAPPING,15.0,11.0,True,STORE
000066-0006-M,4751043576881,15.0,15.0,0,72,000066-0006-M,Outfish,MATCH_EXPLICIT_220_MAPPING,15.0,11.0,True,NONE
000066-0006-L,4751043576904,15.0,15.0,0,72,000066-0006-L,Outfish,MATCH_EXPLICIT_220_MAPPING,15.0,11.0,True,NONE
000066-0006-XL,4751043576928,15.0,15.0,3,24,000066-0006-XL,Outfish,MATCH_EXPLICIT_220_MAPPING,15.0,11.0,True,STORE
000066-0006-2XL,4751043576942,15.0,15.0,0,72,000066-0006-2XL,Outfish,MATCH_EXPLICIT_220_MAPPING,15.0,11.0,True,NONE
000066-0004-XS,4751043577024,15.0,15.0,0,72,000066-0004-XS,Outfish,MATCH_EXPLICIT_220_MAPPING,15.0,11.0,True,NONE
000066-0004-M,4751043577062,15.0,15.0,0,72,000066-0004-M,Outfish,MATCH_EXPLICIT_220_MAPPING,15.0,11.0,True,NONE
000066-0004-L,4751043577086,15.0,15.0,4,24,000066-0004-L,Outfish,MATCH_EXPLICIT_220_MAPPING,15.0,11.0,True,STORE
000066-0004-XL,4751043577109,15.0,15.0,0,72,000066-0004-XL,Outfish,MATCH_EXPLICIT_220_MAPPING,15.0,11.0,True,NONE
000066-0004-2XL,4751043577123,15.0,15.0,3,24,000066-0004-2XL,Outfish,MATCH_EXPLICIT_220_MAPPING,15.0,11.0,True,STORE
000066-0004-3XL,4751043577147,15.0,15.0,3,24,000066-0004-3XL,Outfish,MATCH_EXPLICIT_220_MAPPING,15.0,11.0,True,STORE
000067-0006-S,4751043577406,16.8,16.8,3,24,000067-0006-S,Outfish,MATCH_EXPLICIT_220_MAPPING,15.0,16.8,False,STORE
000067-0006-M,4751043577420,16.8,16.8,0,72,000067-0006-M,Outfish,MATCH_EXPLICIT_220_MAPPING,15.0,16.8,False,NONE
000067-0006-L,4751043577444,16.8,16.8,0,72,000067-0006-L,Outfish,MATCH_EXPLICIT_220_MAPPING,15.0,16.8,False,NONE
000067-0006-XL,4751043577468,16.8,16.8,3,24,000067-0006-XL,Outfish,MATCH_EXPLICIT_220_MAPPING,15.0,16.8,False,STORE
000067-0006-2XL,4751043577482,16.8,16.8,3,24,000067-0006-2XL,Outfish,MATCH_EXPLICIT_220_MAPPING,15.0,16.8,False,STORE
000088-0006,4751043570870,12.5,12.5,25,24,000088-0006,Outfish,MATCH_EXPLICIT_220_MAPPING,12.5,12.5,False,STORE
000131-0037-XS,4751043570495,20.0,20.0,14,24,000131-0037-XS,Outfish,MATCH_EXPLICIT_220_MAPPING,20.0,15.0,True,STORE
000131-0037-S,4751043570518,20.0,20.0,15,24,000131-0037-S,Outfish,MATCH_EXPLICIT_220_MAPPING,20.0,15.0,True,STORE
000131-0037-M,4751043570532,20.0,20.0,0,72,000131-0037-M,Outfish,MATCH_EXPLICIT_220_MAPPING,20.0,15.0,True,NONE
000131-0036-XS,4751043570174,20.0,20.0,10,24,000131-0036-XS,Outfish,MATCH_EXPLICIT_220_MAPPING,20.0,15.0,True,STORE
000131-0036-S,4751043570198,20.0,20.0,15,24,000131-0036-S,Outfish,MATCH_EXPLICIT_220_MAPPING,20.0,15.0,True,STORE
000131-0036-M,4751043570211,30.0,30.0,0,72,000131-0036-M,Outfish,MATCH_EXPLICIT_220_MAPPING,20.0,30.0,False,NONE
000131-0030-XS,4751043570334,20.0,20.0,13,24,000131-0030-XS,Outfish,MATCH_EXPLICIT_220_MAPPING,20.0,15.0,True,STORE
000131-0030-S,4751043570358,20.0,20.0,12,24,000131-0030-S,Outfish,MATCH_EXPLICIT_220_MAPPING,20.0,15.0,True,STORE
000131-0030-M,4751043570372,20.0,20.0,0,72,000131-0030-M,Outfish,MATCH_EXPLICIT_220_MAPPING,20.0,0.0,True,NONE
000055-0029-OneSize,4751043571256,9.9,9.9,32,24,000055-0029-OneSize,Outfish,MATCH_EXPLICIT_220_MAPPING,9.9,5.0,True,STORE
000055-0038-OneSize,4751043571270,9.9,9.9,27,24,000055-0038-OneSize,Outfish,MATCH_EXPLICIT_220_MAPPING,9.9,5.0,True,STORE
000068-0006-XL-3XL,4751043571037,19.9,19.9,0,72,000068-0006-XL-3XL,Outfish,MATCH_EXPLICIT_220_MAPPING,19.9,9.8,True,NONE
000127-0002-XS,4751043578883,15.5,15.5,5,24,000127-0002-XS,Outfish,MATCH_EXPLICIT_220_MAPPING,15.5,15.5,False,STORE
000127-0002-S,4751043578906,15.5,15.5,0,72,000127-0002-S,Outfish,MATCH_EXPLICIT_220_MAPPING,15.5,15.5,False,NONE
000127-0002-M,4751043578920,15.5,15.5,0,72,000127-0002-M,Outfish,MATCH_EXPLICIT_220_MAPPING,15.5,15.5,False,NONE
000127-0002-L,4751043578944,15.5,15.5,0,72,000127-0002-L,Outfish,MATCH_EXPLICIT_220_MAPPING,15.5,15.5,False,NONE
000127-0002-XL,4751043578968,15.5,15.5,0,72,000127-0002-XL,Outfish,MATCH_EXPLICIT_220_MAPPING,15.5,15.5,False,NONE
000127-0002-2XL,4751043578982,15.5,15.5,0,72,000127-0002-2XL,Outfish,MATCH_EXPLICIT_220_MAPPING,15.5,15.5,False,NONE
000127-0002-4XL,4751043579026,15.5,15.5,0,72,000127-0002-4XL,Outfish,MATCH_EXPLICIT_220_MAPPING,15.5,15.5,False,NONE
000122-0002-XS,4751043576483,19.9,19.9,4,24,000122-0002-XS,Outfish,MATCH_EXPLICIT_220_MAPPING,11.0,19.9,False,STORE
000122-0002-S,4751043576506,19.9,19.9,0,72,000122-0002-S,Outfish,MATCH_EXPLICIT_220_MAPPING,11.0,19.9,False,NONE
000122-0022-XS,4751043576322,19.9,19.9,3,24,000122-0022-XS,Outfish,MATCH_EXPLICIT_220_MAPPING,17.5,19.9,False,STORE
000122-0022-S,4751043576346,19.9,19.9,3,24,000122-0022-S,Outfish,MATCH_EXPLICIT_220_MAPPING,17.5,19.9,False,STORE
000122-0022-4XL,4751043576469,19.9,19.9,3,24,000122-0022-4XL,Outfish,MATCH_EXPLICIT_220_MAPPING,17.5,19.9,False,STORE
000141-0003-L,4751043574189,19.0,19.0,0,72,000141-0003-L,Outfish,MATCH_EXPLICIT_220_MAPPING,19.0,9.8,True,NONE
000141-0003-M,4751043574172,19.0,19.0,0,72,000141-0003-M,Outfish,MATCH_EXPLICIT_220_MAPPING,19.0,9.8,True,NONE
000141-0003-XL,4751043574196,19.0,19.0,3,24,000141-0003-XL,Outfish,MATCH_EXPLICIT_220_MAPPING,19.0,9.8,True,STORE
000116-0006,4751043575769,29.0,29.0,4,24,000116-0006,Outfish,MATCH_EXPLICIT_220_MAPPING,29.0,19.8,True,STORE
000115-0006,4751043575745,19.0,19.0,6,24,000115-0006,Outfish,MATCH_EXPLICIT_220_MAPPING,19.0,9.8,True,STORE
000114-0003,4751043575721,89.0,89.0,8,24,000114-0003,Outfish,MATCH_EXPLICIT_220_MAPPING,89.0,29.8,True,STORE
000117-0003,4751043575783,12.0,12.0,6,24,000117-0003,Outfish,MATCH_EXPLICIT_220_MAPPING,12.0,9.8,True,STORE
310537-0750-42,4056264728019,188.0,188.0,11,48,310537-0750-42,Lowa,MATCH_EXPLICIT_220_MAPPING,188.0,170.0,True,LOWA
310630-0999-42,4056264353709,170.0,170.0,4,48,310630-0999-42,Lowa,MATCH_EXPLICIT_220_MAPPING,165.0,170.0,False,LOWA
310630-0999-44,4056264353730,170.0,170.0,3,48,310630-0999-44,Lowa,MATCH_EXPLICIT_220_MAPPING,165.0,170.0,False,LOWA
LOWA3106842,4056264349016,190.0,190.0,12,48,LOWA3106842,Lowa,MATCH_EXPLICIT_220_MAPPING,175.0,190.0,False,LOWA
LOWA3106844,4056264349047,190.0,190.0,5,48,LOWA3106844,Lowa,MATCH_EXPLICIT_220_MAPPING,175.0,190.0,False,LOWA
LOWA3106846,4056264349078,190.0,190.0,5,48,LOWA3106846,Lowa,MATCH_EXPLICIT_220_MAPPING,175.0,190.0,False,LOWA
KAT00339,8858687370440,1399.0,1399.0,0,72,KAT00339,Feelfree,MATCH_EXPLICIT_220_MAPPING,1399.0,1399.0,False,NONE
KAT00485,8858687352194,44.89,44.89,4,24,KAT00485,Feelfree,MATCH_EXPLICIT_220_MAPPING,44.89,44.89,False,STORE
KAT00047,3332221110000,184.0,184.0,0,72,KAT00047,Feelfree,MATCH_EXPLICIT_220_MAPPING,184.0,120.0,True,NONE
KAT00049,1111445556666,184.91,184.91,0,72,KAT00049,Feelfree,MATCH_EXPLICIT_220_MAPPING,184.0,184.91,False,NONE
112IN1411-990XXL,4771999386906,44.95,44.95,3,24,112IN1411-990XXL,Thermowave,MATCH_EXPLICIT_220_MAPPING,19.5,44.95,False,STORE
12ORGN711-990S,4771999353106,28.5,28.5,3,24,12ORGN711-990S,Thermowave,MATCH_EXPLICIT_220_MAPPING,25.5,28.5,False,STORE
12ORGN711-990M,4771999353113,28.5,28.5,0,48,12ORGN711-990M,Thermowave,MATCH_EXPLICIT_220_MAPPING,25.5,28.5,False,NONE
12ORGN711-990L,4771999353120,28.5,28.5,3,24,12ORGN711-990L,Thermowave,MATCH_EXPLICIT_220_MAPPING,25.5,28.5,False,STORE
12ORGN711-990XL,4771999353137,28.5,28.5,3,24,12ORGN711-990XL,Thermowave,MATCH_EXPLICIT_220_MAPPING,25.5,28.5,False,STORE
12ORGN711-990XXL,4771999353144,28.5,28.5,3,24,12ORGN711-990XXL,Thermowave,MATCH_EXPLICIT_220_MAPPING,25.5,28.5,False,STORE
12ORGN711-9903XL,4771999415125,28.5,28.5,0,48,12ORGN711-9903XL,Thermowave,MATCH_EXPLICIT_220_MAPPING,25.5,28.5,False,NONE
000-15689-001,9420064116911,1435.0,1435.0,3,24,000-15689-001,Lowrance,MATCH_EXPLICIT_220_MAPPING,1238.0,1435.0,False,STORE
LOWA31068465,4048159068465,190.0,190.0,4,48,LOWA31068465,Lowa,MATCH_EXPLICIT_220_MAPPING,175.0,190.0,False,LOWA
LOWA3106847,4048159068470,190.0,190.0,6,48,LOWA3106847,Lowa,MATCH_EXPLICIT_220_MAPPING,175.0,190.0,False,LOWA
112IN1711-990XXL,4771999387149,44.95,44.95,0,72,112IN1711-990XXL,Thermowave,MATCH_EXPLICIT_220_MAPPING,39.0,44.95,False,NONE
12ORGN411-9903XL,4771999365444,28.5,28.5,3,24,12ORGN411-9903XL,Thermowave,MATCH_EXPLICIT_220_MAPPING,25.5,28.5,False,STORE
12ORGN411-990XL,4771999255219,28.5,28.5,3,24,12ORGN411-990XL,Thermowave,MATCH_EXPLICIT_220_MAPPING,25.5,28.5,False,STORE
12ORGN411-990XXL,4771999255226,28.5,28.5,3,24,12ORGN411-990XXL,Thermowave,MATCH_EXPLICIT_220_MAPPING,25.5,28.5,False,STORE
LOWA31068445,4056264349054,190.0,190.0,17,48,LOWA31068445,Lowa,MATCH_EXPLICIT_220_MAPPING,175.0,190.0,False,LOWA
LOWA31068435,4056264349030,190.0,190.0,6,48,LOWA31068435,Lowa,MATCH_EXPLICIT_220_MAPPING,175.0,190.0,False,LOWA
LOWA31068425,4056264349023,190.0,190.0,18,48,LOWA31068425,Lowa,MATCH_EXPLICIT_220_MAPPING,175.0,190.0,False,LOWA
310854C31-42.5,4063606359084,190.0,190.0,3,24,310854C31-42.5,Lowa,MATCH_EXPLICIT_220_MAPPING,188.0,190.0,False,STORE
310854C30-43.5,4063606359091,190.0,190.0,4,48,310854C30-43.5,Lowa,MATCH_EXPLICIT_220_MAPPING,188.0,190.0,False,LOWA
310854C30-44.5,4063606359114,190.0,190.0,7,48,310854C30-44.5,Lowa,MATCH_EXPLICIT_220_MAPPING,188.0,190.0,False,LOWA
310854C3099-45,4063606359121,190.0,190.0,4,48,310854C3099-45,Lowa,MATCH_EXPLICIT_220_MAPPING,188.0,190.0,False,LOWA
310854C33-42,4063606358476,190.0,190.0,3,48,310854C33-42,Lowa,MATCH_EXPLICIT_220_MAPPING,188.0,190.0,False,LOWA
310854C33-42.5,4063606358483,190.0,190.0,8,48,310854C33-42.5,Lowa,MATCH_EXPLICIT_220_MAPPING,188.0,190.0,False,LOWA
310854C33-44.5,4063606358513,190.0,190.0,5,48,310854C33-44.5,Lowa,MATCH_EXPLICIT_220_MAPPING,188.0,190.0,False,LOWA
310854C33-45,4063606358520,190.0,190.0,0,72,310854C33-45,Lowa,MATCH_EXPLICIT_220_MAPPING,188.0,190.0,False,NONE
BU ZEHA red,5902194521512,39.0,39.0,0,72,BU ZEHA red,Bushmen,MATCH_EXPLICIT_220_MAPPING,39.0,35.0,True,NONE
BU ZEHA ora,5902194521543,35.0,35.0,0,72,BU ZEHA ora,Bushmen,MATCH_EXPLICIT_220_MAPPING,5.0,35.0,False,NONE
BU VAHAS dol,5902194521277,99.0,99.0,3,24,BU VAHAS dol,Bushmen,MATCH_EXPLICIT_220_MAPPING,99.0,90.0,True,STORE
BU JAHAMONET,5902194520836,42.9,42.9,3,24,BU JAHAMONET,Bushmen,MATCH_EXPLICIT_220_MAPPING,42.9,42.0,True,STORE
BU JUHASET,5902194521499,69.0,69.0,4,24,BU JUHASET,Bushmen,MATCH_EXPLICIT_220_MAPPING,69.0,62.0,True,STORE
BU BUBEHA olv,5902194520676,69.0,69.0,0,72,BU BUBEHA olv,Bushmen,MATCH_EXPLICIT_220_MAPPING,69.0,65.0,True,NONE
BU BCvr /L,5902194521659,33.0,33.0,3,24,BU BCvr /L,Bushmen,MATCH_EXPLICIT_220_MAPPING,25.0,33.0,False,STORE
BU TRHUE,5902194521031,32.99,32.99,3,24,BU TRHUE,Bushmen,MATCH_EXPLICIT_220_MAPPING,22.0,32.99,False,STORE
KAT00117,8858687358752,87.9,87.9,0,72,KAT00117,Feelfree,MATCH_EXPLICIT_220_MAPPING,87.9,87.9,False,NONE
KAT00118,8858687358776,87.9,87.9,0,72,KAT00118,Feelfree,MATCH_EXPLICIT_220_MAPPING,87.9,87.9,False,NONE
A65,475104357026,15.0,15.0,3,24,A65,Outfish,MATCH_EXPLICIT_220_MAPPING,15.0,15.0,False,STORE
A63,4751043570212,18.0,18.0,4,24,A63,Outfish,MATCH_EXPLICIT_220_MAPPING,15.0,18.0,False,STORE
A64,4751043570213,18.0,18.0,3,24,A64,Outfish,MATCH_EXPLICIT_220_MAPPING,15.0,18.0,False,STORE
6606VC-03957-0050,4751043576381,19.0,19.0,0,72,6606VC-03957-0050,Outfish,MATCH_EXPLICIT_220_MAPPING,15.0,19.0,False,NONE
RAPCOOLNR,4751043570178,20.0,20.0,3,24,RAPCOOLNR,Outfish,MATCH_EXPLICIT_220_MAPPING,19.0,20.0,False,STORE
RASUBE,4751043570192,20.0,20.0,3,24,RASUBE,Outfish,MATCH_EXPLICIT_220_MAPPING,19.0,20.0,False,STORE
16110-010,021563161106,12.0,12.0,5,24,16110-010,GearAid,MATCH_EXPLICIT_220_MAPPING,12.0,12.0,False,STORE
15311-013,021563153118,9.0,9.0,6,24,15311-013,GearAid,MATCH_EXPLICIT_220_MAPPING,9.0,9.0,False,STORE
10607-012,021563106077,18.0,18.0,3,24,10607-012,GearAid,MATCH_EXPLICIT_220_MAPPING,18.0,18.0,False,STORE
36226-010,021563362268,20.0,20.0,3,24,36226-010,GearAid,MATCH_EXPLICIT_220_MAPPING,20.0,20.0,False,STORE
36295,021563362954,10.0,10.0,9,24,36295,Revivex,MATCH_EXPLICIT_220_MAPPING,10.0,10.0,False,STORE
NH19BP095,6927595761649,109.0,109.0,7,24,NH19BP095,Naturehike,MATCH_EXPLICIT_220_MAPPING,99.0,109.0,False,STORE
N776230BC,3011978004677,46.0,46.0,0,72,N776230BC,Aquarius,MATCH_EXPLICIT_220_MAPPING,46.0,45.0,True,NONE
12ACTI711-930S,4771999391108,40.5,40.5,3,24,12ACTI711-930S,Thermowave,MATCH_EXPLICIT_220_MAPPING,35.85,40.5,False,STORE
12ACTI711-930M,4771999391115,40.5,40.5,3,24,12ACTI711-930M,Thermowave,MATCH_EXPLICIT_220_MAPPING,35.85,40.5,False,STORE
12ACTI711-930L,4771999391122,40.5,40.5,0,48,12ACTI711-930L,Thermowave,MATCH_EXPLICIT_220_MAPPING,35.85,40.5,False,NONE
12ACTI711-930XL,4771999391139,40.5,40.5,0,48,12ACTI711-930XL,Thermowave,MATCH_EXPLICIT_220_MAPPING,35.85,40.5,False,NONE
12ACTI711-930XXL,4771999391146,40.5,40.5,3,24,12ACTI711-930XXL,Thermowave,MATCH_EXPLICIT_220_MAPPING,35.85,40.5,False,STORE
12ACTI711-9303XL,4771999414609,40.5,40.5,0,48,12ACTI711-9303XL,Thermowave,MATCH_EXPLICIT_220_MAPPING,35.85,40.5,False,NONE
12KOJA101-991L,4771999412704,19.95,19.95,9,24,12KOJA101-991L,Thermowave,MATCH_EXPLICIT_220_MAPPING,19.95,18.95,True,STORE
12KOJA101-991M,4771999412698,19.95,19.95,8,24,12KOJA101-991M,Thermowave,MATCH_EXPLICIT_220_MAPPING,19.95,18.95,True,STORE
12KOJA101-991S,4771999412681,19.95,19.95,5,24,12KOJA101-991S,Thermowave,MATCH_EXPLICIT_220_MAPPING,19.95,18.95,True,STORE
12KOJA111-991S,4771999412711,22.9,22.9,0,72,12KOJA111-991S,Thermowave,MATCH_EXPLICIT_220_MAPPING,22.9,17.0,True,NONE
12KOJA111-991L,4771999412735,22.9,22.9,0,72,12KOJA111-991L,Thermowave,MATCH_EXPLICIT_220_MAPPING,22.9,17.0,True,NONE
12KOJA111-991M,4771999412728,22.9,22.9,0,72,12KOJA111-991M,Thermowave,MATCH_EXPLICIT_220_MAPPING,22.9,17.0,True,NONE
14TUBM530-863,4771999444453,29.95,29.95,0,72,14TUBM530-863,Thermowave,MATCH_EXPLICIT_220_MAPPING,29.95,25.0,True,NONE
12HATM530-990LXL,4771999409162,29.95,29.95,0,72,12HATM530-990LXL,Thermowave,MATCH_EXPLICIT_220_MAPPING,29.95,24.95,True,NONE
12HATM530-990SM,4771999409155,29.95,29.95,3,24,12HATM530-990SM,Thermowave,MATCH_EXPLICIT_220_MAPPING,29.95,24.95,True,STORE
LOWA8308020,840054387395,10.5,10.5,4,24,LOWA8308020,Lowa,MATCH_EXPLICIT_220_MAPPING,10.0,10.5,False,STORE
LW8308050111,4056264634099,15.0,15.0,8,24,LW8308050111,Lowa,MATCH_EXPLICIT_220_MAPPING,15.0,11.3,True,STORE
LW402109-37.38,4056264975871,18.0,18.0,3,24,LW402109-37.38,Lowa,MATCH_EXPLICIT_220_MAPPING,18.0,18.0,False,STORE
LOWALS40210999,4056264975888,18.0,18.0,4,24,LOWALS40210999,Lowa,MATCH_EXPLICIT_220_MAPPING,18.0,18.0,False,STORE
LOWALS40210941,4056264975895,18.0,18.0,5,24,LOWALS40210941,Lowa,MATCH_EXPLICIT_220_MAPPING,18.0,18.0,False,STORE
LOWALS40210943,4056264975901,18.0,18.0,4,24,LOWALS40210943,Lowa,MATCH_EXPLICIT_220_MAPPING,18.0,18.0,False,STORE
LW402109-44.45,4056264975918,18.0,18.0,3,24,LW402109-44.45,Lowa,MATCH_EXPLICIT_220_MAPPING,18.0,18.0,False,STORE
LW402104-37/38,4056264987362,18.0,18.0,3,24,LW402104-37/38,Lowa,MATCH_EXPLICIT_220_MAPPING,18.0,18.0,False,STORE
LW402104-39.40,4056264987379,18.0,18.0,3,24,LW402104-39.40,Lowa,MATCH_EXPLICIT_220_MAPPING,18.0,18.0,False,STORE
LW402104-41.42,4056264987386,18.0,18.0,3,24,LW402104-41.42,Lowa,MATCH_EXPLICIT_220_MAPPING,18.0,18.0,False,STORE
LW402104-43.44,4056264987393,18.0,18.0,3,24,LW402104-43.44,Lowa,MATCH_EXPLICIT_220_MAPPING,18.0,18.0,False,STORE
LW402104-45.46,4056264987409,18.0,18.0,3,24,LW402104-45.46,Lowa,MATCH_EXPLICIT_220_MAPPING,18.0,18.0,False,STORE
8311080111,4063606550863,15.5,15.5,9,24,8311080111,Lowa,MATCH_EXPLICIT_220_MAPPING,15.0,15.5,False,STORE
310854C35-40,4063606358742,190.0,190.0,6,48,310854C35-40,Lowa,MATCH_EXPLICIT_220_MAPPING,188.0,190.0,False,LOWA
310854C35-42.5,4063606358780,190.0,190.0,14,48,310854C35-42.5,Lowa,MATCH_EXPLICIT_220_MAPPING,188.0,190.0,False,LOWA
31085C307-44,4063606358957,190.0,190.0,8,48,31085C307-44,Lowa,MATCH_EXPLICIT_220_MAPPING,188.0,190.0,False,LOWA
2501,3123840025013,12.5,12.5,3,24,2501,Opinel,MATCH_EXPLICIT_220_MAPPING,12.0,12.5,False,STORE
4OUTF004-L,4751043570223,38.9,38.9,26,24,4OUTF004-L,Outfish,MATCH_EXPLICIT_220_MAPPING,38.9,29.0,True,STORE
4OUTF004-XL,4751043570224,38.9,38.9,29,24,4OUTF004-XL,Outfish,MATCH_EXPLICIT_220_MAPPING,38.9,29.0,True,STORE
BU THBKET olv,5902194521260,59.0,59.0,5,24,BU THBKET olv,Bushmen,MATCH_EXPLICIT_220_MAPPING,59.0,55.0,True,STORE
BU HOTH olv,5902194521741,65.0,65.0,0,72,BU HOTH olv,Bushmen,MATCH_EXPLICIT_220_MAPPING,65.0,65.0,False,NONE
BU HEMONET blk,5902194521024,5.0,5.0,3,24,BU HEMONET blk,Bushmen,MATCH_EXPLICIT_220_MAPPING,4.99,5.0,False,STORE
BU EATARP3x3 gre,5902194521956,59.9,59.9,0,72,BU EATARP3x3 gre,Bushmen,MATCH_EXPLICIT_220_MAPPING,59.9,55.0,True,NONE
NH21MSD06,6927595795330,99.0,99.0,7,24,NH21MSD06,Naturehike,MATCH_EXPLICIT_220_MAPPING,99.0,69.0,True,STORE
NH20TM006,6927595749661,79.0,79.0,15,24,NH20TM006,Naturehike,MATCH_EXPLICIT_220_MAPPING,45.0,79.0,False,STORE
NH21RJ004,6927595789742,18.0,18.0,5,24,NH21RJ004,Naturehike,MATCH_EXPLICIT_220_MAPPING,11.0,18.0,False,STORE
NH18A095-D,6927595712818,149.0,149.0,3,24,NH18A095-D,Naturehike,MATCH_EXPLICIT_220_MAPPING,149.0,145.0,True,STORE
NH20MSD07,6927595767221,45.0,45.0,14,24,NH20MSD07,Naturehike,MATCH_EXPLICIT_220_MAPPING,45.0,39.0,True,STORE
NH17N002-D,6927595783819,23.0,23.0,7,24,NH17N002-D,Naturehike,MATCH_EXPLICIT_220_MAPPING,23.0,23.0,False,STORE
CNH22DQ009,6975641886112,42.0,42.0,10,24,CNH22DQ009,Naturehike,MATCH_EXPLICIT_220_MAPPING,39.0,42.0,False,STORE
NH22ZM005,6927595709573,25.0,25.0,9,24,NH22ZM005,Naturehike,MATCH_EXPLICIT_220_MAPPING,24.9,25.0,False,STORE
80066,5012023980066,5.9,5.9,13,24,80066,BBQ,MATCH_EXPLICIT_220_MAPPING,5.9,3.9,True,STORE
80073,5012023980073,9.9,9.9,6,24,80073,BBQ,MATCH_EXPLICIT_220_MAPPING,7.9,9.9,False,STORE
10670-010,0021563106701,12.5,12.5,6,24,10670-010,GearAid,MATCH_EXPLICIT_220_MAPPING,12.0,12.5,False,STORE
91121,0021563911214,12.0,12.0,5,24,91121,GearAid,MATCH_EXPLICIT_220_MAPPING,9.9,12.0,False,STORE
CNK2350WS020,6927595776988,181.0,181.0,0,72,CNK2350WS020,Naturehike,MATCH_EXPLICIT_220_MAPPING,159.0,181.0,False,NONE
CNK2300ZP040,6976507661799,191.0,191.0,3,24,CNK2300ZP040,Naturehike,MATCH_EXPLICIT_220_MAPPING,179.0,191.0,False,STORE
3367,731952663367,5.5,5.5,0,72,3367,Widesea,MATCH_EXPLICIT_220_MAPPING,5.5,5.5,False,NONE
6367,731795966367,5.5,5.5,0,72,6367,Widesea,MATCH_EXPLICIT_220_MAPPING,5.5,5.5,False,NONE
17P700B-3M,6959740910206,34.0,34.0,3,24,17P700B-3M,Humtto,MATCH_EXPLICIT_220_MAPPING,23.9,34.0,False,STORE
BU EATARP2x3 gre,5902194521963,45.0,45.0,3,24,BU EATARP2x3 gre,Bushmen,MATCH_EXPLICIT_220_MAPPING,45.0,45.0,False,STORE
6OUTF005,4751043570246,95.0,95.0,21,24,6OUTF005,Outfish,MATCH_EXPLICIT_220_MAPPING,55.0,95.0,False,STORE
17Q489B-1M,6959740910282,28.2,28.2,3,24,17Q489B-1M,Humtto,MATCH_EXPLICIT_220_MAPPING,28.2,25.0,True,STORE
HB202013-3,6959740973541,10.0,10.0,3,24,HB202013-3,Humtto,MATCH_EXPLICIT_220_MAPPING,10.0,10.0,False,STORE
2413710610,7331423011858,22.0,22.0,0,72,2413710610,Light My Fire,MATCH_EXPLICIT_220_MAPPING,22.0,22.0,False,NONE
1423012894,7331423012893,2.6,2.6,0,72,1423012894,Light My Fire,MATCH_EXPLICIT_220_MAPPING,2.6,2.6,False,NONE
2111110310,7331423011476,12.4,12.4,5,24,2111110310,Light My Fire,MATCH_EXPLICIT_220_MAPPING,12.4,12.4,False,STORE
2111010310,7331423011520,17.6,17.6,4,24,2111010310,Light My Fire,MATCH_EXPLICIT_220_MAPPING,17.6,17.6,False,STORE
3574,713014823574,22.5,22.5,3,24,3574,Outfish,MATCH_EXPLICIT_220_MAPPING,22.5,19.9,True,STORE
1948,712607401948,19.9,19.9,3,24,1948,Outfish,MATCH_EXPLICIT_220_MAPPING,19.9,19.9,False,STORE
2462,758595892462,5.5,5.5,0,72,2462,Outfish,MATCH_EXPLICIT_220_MAPPING,5.0,5.5,False,NONE
8694.9,7610465869499,29.9,29.9,0,72,8694.9,SIGG,MATCH_EXPLICIT_220_MAPPING,29.9,29.0,True,NONE
4222414610,7331423014590,12.9,12.9,3,24,4222414610,Light My Fire,MATCH_EXPLICIT_220_MAPPING,12.9,12.5,True,STORE
2410713110,7331423014064,20.0,20.0,3,24,2410713110,Light My Fire,MATCH_EXPLICIT_220_MAPPING,20.0,20.0,False,STORE
2111001210,7331423011513,17.6,17.6,3,24,2111001210,Light My Fire,MATCH_EXPLICIT_220_MAPPING,17.6,17.6,False,STORE
12ORGN412-990XXL,4771999415149,28.5,28.5,3,24,12ORGN412-990XXL,Thermowave,MATCH_EXPLICIT_220_MAPPING,25.5,28.5,False,STORE
12ORGN412-990XS,4771999353168,28.5,28.5,0,48,12ORGN412-990XS,Thermowave,MATCH_EXPLICIT_220_MAPPING,25.5,28.5,False,NONE
12ORGN412-990S,4771999353175,28.5,28.5,3,24,12ORGN412-990S,Thermowave,MATCH_EXPLICIT_220_MAPPING,25.5,28.5,False,STORE
12ORGN412-990M,4771999353182,28.5,28.5,3,24,12ORGN412-990M,Thermowave,MATCH_EXPLICIT_220_MAPPING,25.5,28.5,False,STORE
12ORGN412-990L,4771999412742,28.5,28.5,0,48,12ORGN412-990L,Thermowave,MATCH_EXPLICIT_220_MAPPING,25.5,28.5,False,NONE
11TUBM540-863,4771999388108,28.5,28.5,0,72,11TUBM540-863,Thermowave,MATCH_EXPLICIT_220_MAPPING,25.9,28.5,False,NONE
11TUBM540-780,4771999388092,28.5,28.5,3,24,11TUBM540-780,Thermowave,MATCH_EXPLICIT_220_MAPPING,25.9,28.5,False,STORE
12ACTI712-930XS,4771999391306,40.5,40.5,3,24,12ACTI712-930XS,Thermowave,MATCH_EXPLICIT_220_MAPPING,35.85,40.5,False,STORE
12ACTI712-930S,4771999391313,40.5,40.5,0,48,12ACTI712-930S,Thermowave,MATCH_EXPLICIT_220_MAPPING,35.85,40.5,False,NONE
12ACTI712-930M,4771999391320,40.5,40.5,0,48,12ACTI712-930M,Thermowave,MATCH_EXPLICIT_220_MAPPING,35.85,40.5,False,NONE
12ACTI712-930L,4771999391337,40.5,40.5,0,48,12ACTI712-930L,Thermowave,MATCH_EXPLICIT_220_MAPPING,35.85,40.5,False,NONE
12ACTI712-930XL,4771999391344,40.5,40.5,0,48,12ACTI712-930XL,Thermowave,MATCH_EXPLICIT_220_MAPPING,35.85,40.5,False,NONE
12ACTI712-930XXL,4771999414647,40.5,40.5,0,48,12ACTI712-930XXL,Thermowave,MATCH_EXPLICIT_220_MAPPING,35.85,40.5,False,NONE
12ACTI412-930XS,4771999391207,40.5,40.5,3,24,12ACTI412-930XS,Thermowave,MATCH_EXPLICIT_220_MAPPING,35.85,40.5,False,STORE
12ACTI412-930L,4771999391238,40.5,40.5,3,24,12ACTI412-930L,Thermowave,MATCH_EXPLICIT_220_MAPPING,35.85,40.5,False,STORE
12ACTI412-930XL,4771999391245,40.5,40.5,3,24,12ACTI412-930XL,Thermowave,MATCH_EXPLICIT_220_MAPPING,35.85,40.5,False,STORE
12ACTI412-930XXL,4771999414623,40.5,40.5,0,48,12ACTI412-930XXL,Thermowave,MATCH_EXPLICIT_220_MAPPING,35.85,40.5,False,NONE
A-00035.B.04.M,4751043570314,42.0,42.0,3,24,A-00035.B.04.M,Suited systems,MATCH_EXPLICIT_220_MAPPING,42.0,34.45,True,STORE
A-00035.B.05.L,4751043570321,42.0,42.0,3,24,A-00035.B.05.L,Suited systems,MATCH_EXPLICIT_220_MAPPING,42.0,34.45,True,STORE
A-00035.B.06.XL,4751043570338,42.0,42.0,3,24,A-00035.B.06.XL,Suited systems,MATCH_EXPLICIT_220_MAPPING,42.0,34.45,True,STORE
A-00035.B.07.XXL,4751043570345,42.0,42.0,3,24,A-00035.B.07.XXL,Suited systems,MATCH_EXPLICIT_220_MAPPING,42.0,34.45,True,STORE
A-00025.B.04.M,4751043570352,51.0,51.0,0,72,A-00025.B.04.M,Suited systems,MATCH_EXPLICIT_220_MAPPING,51.0,43.85,True,NONE
A-00025.B.05.L,4751043570369,51.0,51.0,3,24,A-00025.B.05.L,Suited systems,MATCH_EXPLICIT_220_MAPPING,51.0,43.85,True,STORE
A-00025.B.06.XL,4751043570376,51.0,51.0,3,24,A-00025.B.06.XL,Suited systems,MATCH_EXPLICIT_220_MAPPING,51.0,43.85,True,STORE
A-00025.B.07.XXL,4751043570383,51.0,51.0,3,24,A-00025.B.07.XXL,Suited systems,MATCH_EXPLICIT_220_MAPPING,51.0,43.85,True,STORE
2277,4742886012277,7.17,7.17,4,24,2277,MEKI,MATCH_EXPLICIT_220_MAPPING,6.56,7.17,False,STORE
2369,4742886012369,6.59,6.59,10,24,2369,MEKI,MATCH_EXPLICIT_220_MAPPING,6.59,6.59,False,STORE
2611,4742886012611,7.7,7.7,7,24,2611,MEKI,MATCH_EXPLICIT_220_MAPPING,7.6,7.7,False,STORE
2628,4742886012628,6.76,6.76,3,24,2628,MEKI,MATCH_EXPLICIT_220_MAPPING,6.2,6.76,False,STORE
4837,4742886014837,8.61,8.61,4,24,4837,MEKI,MATCH_EXPLICIT_220_MAPPING,7.2,8.61,False,STORE
1270,4742886011270,5.12,5.12,4,24,1270,MEKI,MATCH_EXPLICIT_220_MAPPING,4.9,5.12,False,STORE
5OUTF001S,4751043570240,119.0,119.0,3,24,5OUTF001S,Outfish,MATCH_EXPLICIT_220_MAPPING,119.0,119.0,False,STORE
5OUTF001M,4751043570241,119.0,119.0,0,72,5OUTF001M,Outfish,MATCH_EXPLICIT_220_MAPPING,119.0,119.0,False,NONE
5OUTF001L,4751043570242,119.0,119.0,0,72,5OUTF001L,Outfish,MATCH_EXPLICIT_220_MAPPING,119.0,119.0,False,NONE
5OUTF001XL,4751043570243,119.0,119.0,3,24,5OUTF001XL,Outfish,MATCH_EXPLICIT_220_MAPPING,119.0,119.0,False,STORE
5OUTF0012XL,4751043570244,119.0,119.0,0,72,5OUTF0012XL,Outfish,MATCH_EXPLICIT_220_MAPPING,119.0,119.0,False,NONE
11GLVM820-780LXL,4771999388177,24.95,24.95,0,72,11GLVM820-780LXL,Thermowave,MATCH_EXPLICIT_220_MAPPING,19.95,24.95,False,NONE
11GLVM820-780SM,4771999388160,24.95,24.95,0,72,11GLVM820-780SM,Thermowave,MATCH_EXPLICIT_220_MAPPING,19.95,24.95,False,NONE
12BAND520-980,4771999431514,19.95,19.95,3,24,12BAND520-980,Thermowave,MATCH_EXPLICIT_220_MAPPING,19.95,19.95,False,STORE
TB6532,4065812535368,14.9,14.9,3,24,TB6532,Urban Classics,MATCH_EXPLICIT_220_MAPPING,14.9,14.9,False,STORE
TB626,4053838018156,9.9,9.9,3,24,TB626,Urban Classics,MATCH_EXPLICIT_220_MAPPING,9.9,9.9,False,STORE
TB5649,4065812268372,24.9,24.9,3,24,TB5649,Urban Classics,MATCH_EXPLICIT_220_MAPPING,24.9,24.9,False,STORE
TB3870,4053838665381,29.9,29.9,3,24,TB3870,Urban Classics,MATCH_EXPLICIT_220_MAPPING,29.9,29.9,False,STORE
7978555302,2550064785500,15.5,15.5,16,24,7978555302,Lotu,MATCH_EXPLICIT_220_MAPPING,15.5,15.5,False,STORE
1316221677,6168490791400,15.5,15.5,4,24,1316221677,Samstrong,MATCH_EXPLICIT_220_MAPPING,15.5,15.5,False,STORE
TB3273-039,4053838533574,7.9,7.9,10,24,TB3273-039,Urban Classics,MATCH_EXPLICIT_220_MAPPING,7.9,7.9,False,STORE
TB3273-072,4053838533567,7.9,7.9,7,24,TB3273-072,Urban Classics,MATCH_EXPLICIT_220_MAPPING,7.9,7.9,False,STORE
BD7021GM,4051773188750,19.9,19.9,3,24,BD7021GM,Brandit,MATCH_EXPLICIT_220_MAPPING,19.9,19.9,False,STORE
BD7021GL,4051773188767,19.9,19.9,4,24,BD7021GL,Brandit,MATCH_EXPLICIT_220_MAPPING,19.9,19.9,False,STORE
BD7021BM,4051773188774,19.9,19.9,3,24,BD7021BM,Brandit,MATCH_EXPLICIT_220_MAPPING,19.9,19.9,False,STORE
BD7021BL,4051773188781,19.9,19.9,0,72,BD7021BL,Brandit,MATCH_EXPLICIT_220_MAPPING,19.9,19.9,False,NONE
OUTF406,4751043570406,19.9,19.9,9,24,OUTF406,Outfish,MATCH_EXPLICIT_220_MAPPING,19.9,19.9,False,STORE
OUTF413,4751043570413,19.9,19.9,4,24,OUTF413,Outfish,MATCH_EXPLICIT_220_MAPPING,19.9,19.9,False,STORE
OUTF420,4751043570420,19.9,19.9,13,24,OUTF420,Outfish,MATCH_EXPLICIT_220_MAPPING,19.9,19.9,False,STORE
101-42B,5903707810703,33.9,33.9,3,24,101-42B,Dry Walker,MATCH_EXPLICIT_220_MAPPING,30.0,33.9,False,STORE
101-43B,5903707810710,33.9,33.9,0,24,101-43B,Dry Walker,MATCH_EXPLICIT_220_MAPPING,30.0,33.9,False,NONE
101-44B,5903707810727,33.9,33.9,3,24,101-44B,Dry Walker,MATCH_EXPLICIT_220_MAPPING,30.0,33.9,False,STORE
101-45B,5903707810734,33.9,33.9,3,24,101-45B,Dry Walker,MATCH_EXPLICIT_220_MAPPING,30.0,33.9,False,STORE
101-46B,5903707810741,33.9,33.9,3,24,101-46B,Dry Walker,MATCH_EXPLICIT_220_MAPPING,30.0,33.9,False,STORE
101-47B,5903707810963,33.9,33.9,3,24,101-47B,Dry Walker,MATCH_EXPLICIT_220_MAPPING,30.0,33.9,False,STORE
107-37T,5907670793766,27.0,27.0,3,24,107-37T,Dry Walker,MATCH_EXPLICIT_220_MAPPING,20.9,27.0,False,STORE
107-38T,5907670793773,27.0,27.0,3,24,107-38T,Dry Walker,MATCH_EXPLICIT_220_MAPPING,20.9,27.0,False,STORE
107-40T,5907670793797,27.0,27.0,3,24,107-40T,Dry Walker,MATCH_EXPLICIT_220_MAPPING,20.9,27.0,False,STORE
107-41T,5907670793803,27.0,27.0,0,24,107-41T,Dry Walker,MATCH_EXPLICIT_220_MAPPING,20.9,27.0,False,NONE
107-42T,5907670793810,27.0,27.0,3,24,107-42T,Dry Walker,MATCH_EXPLICIT_220_MAPPING,20.9,27.0,False,STORE
107-36B,5907670793285,27.0,27.0,3,24,107-36B,Dry Walker,MATCH_EXPLICIT_220_MAPPING,20.9,27.0,False,STORE
107-37B,5907670793186,27.0,27.0,0,72,107-37B,Dry Walker,MATCH_EXPLICIT_220_MAPPING,20.9,27.0,False,NONE
107-38B,5907670793193,27.0,27.0,0,72,107-38B,Dry Walker,MATCH_EXPLICIT_220_MAPPING,20.9,27.0,False,NONE
107-39B,5907670793209,27.0,27.0,0,24,107-39B,Dry Walker,MATCH_EXPLICIT_220_MAPPING,20.9,27.0,False,NONE
107-40B,5907670793216,27.0,27.0,0,24,107-40B,Dry Walker,MATCH_EXPLICIT_220_MAPPING,20.9,27.0,False,NONE
107-41B,5907670793223,27.0,27.0,4,24,107-41B,Dry Walker,MATCH_EXPLICIT_220_MAPPING,20.9,27.0,False,STORE
107-42B,5907670793278,27.0,27.0,3,24,107-42B,Dry Walker,MATCH_EXPLICIT_220_MAPPING,20.9,27.0,False,STORE
2496,821402962496,14.5,14.5,0,72,2496,Outfish,MATCH_EXPLICIT_220_MAPPING,14.5,14.5,False,NONE
3OUTF001-M,4751043570021,14.9,14.9,27,24,3OUTF001-M,Outfish,MATCH_EXPLICIT_220_MAPPING,14.9,14.5,True,STORE
3OUTF001-L,4751043570022,14.9,14.9,51,24,3OUTF001-L,Outfish,MATCH_EXPLICIT_220_MAPPING,14.9,14.5,True,STORE
3OUTF001-XL,4751043570023,14.9,14.9,16,24,3OUTF001-XL,Outfish,MATCH_EXPLICIT_220_MAPPING,14.9,14.5,True,STORE
BD7010,4051773133286,24.9,24.9,4,24,BD7010,Brandit,MATCH_EXPLICIT_220_MAPPING,24.9,14.9,True,STORE
12BALP560-990,4771999409148,19.5,19.5,0,72,12BALP560-990,Thermowave,MATCH_EXPLICIT_220_MAPPING,19.5,19.5,False,NONE
6053.8,7630135605387,24.9,24.9,3,24,6053.8,SIGG,MATCH_EXPLICIT_220_MAPPING,24.9,24.9,False,STORE
HB20220501,6959740976653,59.0,59.0,0,48,HB20220501,Humtto,MATCH_EXPLICIT_220_MAPPING,59.0,59.0,False,NONE
SOTO OD-1NV C,4953571093148,52.0,52.0,4,24,SOTO OD-1NV C,Soto,MATCH_EXPLICIT_220_MAPPING,52.0,52.0,False,STORE
47Y764B-3M,6959740912873,98.3,98.3,3,24,47Y764B-3M,Humtto,MATCH_EXPLICIT_220_MAPPING,98.3,91.5,True,STORE
2402310600,7331423014118,9.5,9.5,3,24,2402310600,Light My Fire,MATCH_EXPLICIT_220_MAPPING,9.5,9.5,False,STORE
2402310200,7331423014101,9.5,9.5,3,24,2402310200,Light My Fire,MATCH_EXPLICIT_220_MAPPING,9.5,9.5,False,STORE
2402710210,7331423011667,9.0,9.0,3,24,2402710210,Light My Fire,MATCH_EXPLICIT_220_MAPPING,9.0,9.0,False,STORE
37Z472B-1-M,6959740913191,25.5,25.5,0,72,37Z472B-1-M,Humtto,MATCH_EXPLICIT_220_MAPPING,22.0,25.5,False,NONE
37Z472B-1-L,6959740913192,25.5,25.5,0,72,37Z472B-1-L,Humtto,MATCH_EXPLICIT_220_MAPPING,22.0,25.5,False,NONE
37Z472B-1-XL,6959740913193,25.5,25.5,3,24,37Z472B-1-XL,Humtto,MATCH_EXPLICIT_220_MAPPING,22.0,25.5,False,STORE
37Z472B-1-2XL,6959740913194,25.5,25.5,3,24,37Z472B-1-2XL,Humtto,MATCH_EXPLICIT_220_MAPPING,22.0,25.5,False,STORE
37Q464B-1M,6959740913283,48.0,48.0,3,24,37Q464B-1M,Humtto,MATCH_EXPLICIT_220_MAPPING,44.0,48.0,False,STORE
37Q464B-1L,6959740913284,48.0,48.0,0,48,37Q464B-1L,Humtto,MATCH_EXPLICIT_220_MAPPING,44.0,48.0,False,NONE
37Q464B-1XL,6959740913285,48.0,48.0,3,24,37Q464B-1XL,Humtto,MATCH_EXPLICIT_220_MAPPING,44.0,48.0,False,STORE
37Q464B-12XL,6959740913286,48.0,48.0,3,24,37Q464B-12XL,Humtto,MATCH_EXPLICIT_220_MAPPING,44.0,48.0,False,STORE
37Q464B-13XL,6959740913287,48.0,48.0,0,48,37Q464B-13XL,Humtto,MATCH_EXPLICIT_220_MAPPING,44.0,48.0,False,NONE
37Q464B-14XL,6959740913288,48.0,48.0,0,48,37Q464B-14XL,Humtto,MATCH_EXPLICIT_220_MAPPING,44.0,48.0,False,NONE
37Q464B-3M,6959740913293,48.0,48.0,0,48,37Q464B-3M,Humtto,MATCH_EXPLICIT_220_MAPPING,34.5,48.0,False,NONE
37Q464B-3L,6959740913294,48.0,48.0,3,24,37Q464B-3L,Humtto,MATCH_EXPLICIT_220_MAPPING,34.5,48.0,False,STORE
37Q464B-3XL,6959740913295,48.0,48.0,3,24,37Q464B-3XL,Humtto,MATCH_EXPLICIT_220_MAPPING,34.5,48.0,False,STORE
37Q464B-32XL,6959740913296,48.0,48.0,0,48,37Q464B-32XL,Humtto,MATCH_EXPLICIT_220_MAPPING,34.5,48.0,False,NONE
37Q464B-33XL,6959740913297,48.0,48.0,3,24,37Q464B-33XL,Humtto,MATCH_EXPLICIT_220_MAPPING,34.5,48.0,False,STORE
37Q464B-34XL,6959740913298,48.0,48.0,0,48,37Q464B-34XL,Humtto,MATCH_EXPLICIT_220_MAPPING,34.5,48.0,False,NONE
37T556B-1M,6959740913488,15.0,15.0,0,48,37T556B-1M,Humtto,MATCH_EXPLICIT_220_MAPPING,13.5,15.0,False,NONE
37T556B-1L,6959740913489,15.0,15.0,0,48,37T556B-1L,Humtto,MATCH_EXPLICIT_220_MAPPING,13.5,15.0,False,NONE
37T556B-1XL,6959740913490,22.5,22.5,0,72,37T556B-1XL,Humtto,MATCH_EXPLICIT_220_MAPPING,13.5,22.5,False,NONE
37T556B-12XL,6959740913491,15.0,15.0,0,72,37T556B-12XL,Humtto,MATCH_EXPLICIT_220_MAPPING,13.5,15.0,False,NONE
37T556B-13XL,6959740913492,22.5,22.5,3,24,37T556B-13XL,Humtto,MATCH_EXPLICIT_220_MAPPING,13.5,22.5,False,STORE
37W332B-1L,6959740912712,26.77,26.77,0,72,37W332B-1L,Humtto,MATCH_EXPLICIT_220_MAPPING,19.4,26.77,False,NONE
37W332B-1XL,6959740912713,26.77,26.77,0,72,37W332B-1XL,Humtto,MATCH_EXPLICIT_220_MAPPING,19.4,26.77,False,NONE
37W332B-12XL,6959740912714,26.77,26.77,0,72,37W332B-12XL,Humtto,MATCH_EXPLICIT_220_MAPPING,19.4,26.77,False,NONE
37W332B-13XL,6959740912715,26.77,26.77,0,72,37W332B-13XL,Humtto,MATCH_EXPLICIT_220_MAPPING,19.4,26.77,False,NONE
37W332B-14XL,6959740912716,26.77,26.77,0,72,37W332B-14XL,Humtto,MATCH_EXPLICIT_220_MAPPING,19.4,26.77,False,NONE
37W332B-4M,6959740912722,26.77,26.77,0,72,37W332B-4M,Humtto,MATCH_EXPLICIT_220_MAPPING,19.4,26.77,False,NONE
37W332B-4L,6959740912723,26.77,26.77,3,24,37W332B-4L,Humtto,MATCH_EXPLICIT_220_MAPPING,19.4,26.77,False,STORE
37W332B-4XL,6959740912724,26.77,26.77,0,72,37W332B-4XL,Humtto,MATCH_EXPLICIT_220_MAPPING,19.4,26.77,False,NONE
37W332B-42XL,6959740912725,26.77,26.77,0,72,37W332B-42XL,Humtto,MATCH_EXPLICIT_220_MAPPING,19.4,26.77,False,NONE
37W332B-43XL,6959740912726,26.77,26.77,0,72,37W332B-43XL,Humtto,MATCH_EXPLICIT_220_MAPPING,19.4,26.77,False,NONE
37W332B-44XL,6959740912727,26.77,26.77,0,72,37W332B-44XL,Humtto,MATCH_EXPLICIT_220_MAPPING,19.4,26.77,False,NONE
250290B5-37,6959740914600,55.0,55.0,3,24,250290B5-37,Humtto,MATCH_EXPLICIT_220_MAPPING,55.0,55.0,False,STORE
250290B5-38,6959740914601,79.0,79.0,0,72,250290B5-38,Humtto,MATCH_EXPLICIT_220_MAPPING,55.0,79.0,False,NONE
250290B5-39,6959740914602,79.0,79.0,0,72,250290B5-39,Humtto,MATCH_EXPLICIT_220_MAPPING,55.0,79.0,False,NONE
250290B5-40,6959740914603,79.0,79.0,0,72,250290B5-40,Humtto,MATCH_EXPLICIT_220_MAPPING,55.0,79.0,False,NONE
250460B3-37,6959740913764,79.0,79.0,0,72,250460B3-37,Humtto,MATCH_EXPLICIT_220_MAPPING,55.0,79.0,False,NONE
250460B3-38,6959740913765,55.0,55.0,3,24,250460B3-38,Humtto,MATCH_EXPLICIT_220_MAPPING,55.0,55.0,False,STORE
250460B3-39,6959740913766,79.0,79.0,0,72,250460B3-39,Humtto,MATCH_EXPLICIT_220_MAPPING,55.0,79.0,False,NONE
250460B3-40,6959740913767,79.0,79.0,0,72,250460B3-40,Humtto,MATCH_EXPLICIT_220_MAPPING,55.0,79.0,False,NONE
250460B7-37,6959740913769,69.0,69.0,3,24,250460B7-37,Humtto,MATCH_EXPLICIT_220_MAPPING,55.0,69.0,False,STORE
250460B7-38,6959740913770,69.0,69.0,4,24,250460B7-38,Humtto,MATCH_EXPLICIT_220_MAPPING,55.0,69.0,False,STORE
250460B7-39,6959740913771,59.0,59.0,0,72,250460B7-39,Humtto,MATCH_EXPLICIT_220_MAPPING,55.0,59.0,False,NONE
EC041127050,658100727107,13.0,13.0,0,72,EC041127050,Eagle Creek,MATCH_EXPLICIT_220_MAPPING,12.0,13.0,False,NONE
250290A3-43,6959740914145,69.0,69.0,0,72,250290A3-43,Humtto,MATCH_EXPLICIT_220_MAPPING,47.4,69.0,False,NONE
NH22YW005,6927595798904,369.0,369.0,3,24,NH22YW005,Naturehike,MATCH_EXPLICIT_220_MAPPING,369.0,295.0,True,STORE
NH19Y001-Z,6927595798089,49.0,49.0,6,24,NH19Y001-Z,Naturehike,MATCH_EXPLICIT_220_MAPPING,49.0,45.0,True,STORE
8695.3,7610465869536,32.0,32.0,3,24,8695.3,SIGG,MATCH_EXPLICIT_220_MAPPING,29.9,32.0,False,STORE
40101-010,21563401011,9.5,9.5,4,24,40101-010,GearAid,MATCH_EXPLICIT_220_MAPPING,7.0,9.5,False,STORE
37131-011,21563371314,8.5,8.5,3,24,37131-011,GearAid,MATCH_EXPLICIT_220_MAPPING,7.0,8.5,False,STORE
36200-011,21563362008,10.0,10.0,3,24,36200-011,GearAid,MATCH_EXPLICIT_220_MAPPING,8.0,10.0,False,STORE
36260,21563362602,12.0,12.0,9,24,36260,GearAid,MATCH_EXPLICIT_220_MAPPING,10.0,12.0,False,STORE
10515-017,21563105155,12.0,12.0,4,24,10515-017,GearAid,MATCH_EXPLICIT_220_MAPPING,10.0,12.0,False,STORE
36134-010,21563361346,14.5,14.5,6,24,36134-010,GearAid,MATCH_EXPLICIT_220_MAPPING,13.0,14.5,False,STORE
ss10398,5908221359943,150.0,150.0,3,24,ss10398,Fjord Nansen,MATCH_EXPLICIT_220_MAPPING,124.0,150.0,False,STORE
ss10319,5908221359813,251.0,251.0,3,24,ss10319,Fjord Nansen,MATCH_EXPLICIT_220_MAPPING,251.0,250.0,True,STORE
ss10395,5908221359950,130.0,130.0,3,24,ss10395,Fjord Nansen,MATCH_EXPLICIT_220_MAPPING,127.0,130.0,False,STORE
ss10347,5908221359974,255.0,255.0,3,24,ss10347,Fjord Nansen,MATCH_EXPLICIT_220_MAPPING,255.0,190.0,True,STORE
ss2030,5908221344192,74.0,74.0,3,24,ss2030,Fjord Nansen,MATCH_EXPLICIT_220_MAPPING,74.0,60.0,True,STORE
ss2029,5908221344185,46.0,46.0,3,24,ss2029,Fjord Nansen,MATCH_EXPLICIT_220_MAPPING,46.0,40.0,True,STORE
1008066,5908221349814,59.9,59.9,3,24,1008066,Fjord Nansen,MATCH_EXPLICIT_220_MAPPING,59.9,55.0,True,STORE
ss5827,5908221349920,26.0,26.0,3,24,ss5827,Fjord Nansen,MATCH_EXPLICIT_220_MAPPING,21.0,26.0,False,STORE
ss1050,5908221338856,13.0,13.0,4,24,ss1050,Fjord Nansen,MATCH_EXPLICIT_220_MAPPING,11.0,13.0,False,STORE
ss5504,5908221349944,45.0,45.0,3,24,ss5504,Fjord Nansen,MATCH_EXPLICIT_220_MAPPING,45.0,39.0,True,STORE
V0103889,8435527826530,30.0,30.0,4,24,V0103889,InnovaGoods,MATCH_EXPLICIT_220_MAPPING,25.0,30.0,False,STORE
30122-014,21563301229,12.0,12.0,4,24,30122-014,GearAid,MATCH_EXPLICIT_220_MAPPING,10.0,12.0,False,STORE
BU FRBCO na,5902194522229,109.0,109.0,3,24,BU FRBCO na,Bushmen,MATCH_EXPLICIT_220_MAPPING,109.0,109.0,False,STORE
HB202415,6959740912569,29.0,29.0,3,24,HB202415,Humtto,MATCH_EXPLICIT_220_MAPPING,24.5,29.0,False,STORE
HB202415G,6959740912570,29.0,29.0,14,24,HB202415G,Humtto,MATCH_EXPLICIT_220_MAPPING,24.5,29.0,False,STORE
BUeasyTARP4x3 gre,5902194521970,69.0,69.0,5,24,BUeasyTARP4x3 gre,Bushmen,MATCH_EXPLICIT_220_MAPPING,69.0,69.0,False,STORE
BUCOTELOcoy,5902194521673,125.0,125.0,3,24,BUCOTELOcoy,Bushmen,MATCH_EXPLICIT_220_MAPPING,125.0,119.0,True,STORE
OUTFWS-S,4751043570227,19.9,19.9,3,24,OUTFWS-S,Outfish,MATCH_EXPLICIT_220_MAPPING,19.9,19.9,False,STORE
OUTFWS-M,4751043570228,19.9,19.9,0,24,OUTFWS-M,Outfish,MATCH_EXPLICIT_220_MAPPING,19.9,19.9,False,NONE
OUTFWS-L,4751043570229,19.9,19.9,0,24,OUTFWS-L,Outfish,MATCH_EXPLICIT_220_MAPPING,19.9,19.9,False,NONE
OUTFWS-XL,4751043570230,19.9,19.9,0,24,OUTFWS-XL,Outfish,MATCH_EXPLICIT_220_MAPPING,19.9,19.9,False,NONE
BUULHADOLXL,5902194521321,75.0,75.0,3,24,BUULHADOLXL,Bushmen,MATCH_EXPLICIT_220_MAPPING,69.0,75.0,False,STORE
BUALUMATXL,5902194521703,13.0,13.0,5,24,BUALUMATXL,Bushmen,MATCH_EXPLICIT_220_MAPPING,13.0,13.0,False,STORE
BUMATALU,5902194520942,7.0,7.0,4,24,BUMATALU,Bushmen,MATCH_EXPLICIT_220_MAPPING,6.5,7.0,False,STORE
BU DEHAMONET blk,5902194520928,45.0,45.0,4,24,BU DEHAMONET blk,Bushmen,MATCH_EXPLICIT_220_MAPPING,45.0,45.0,False,STORE
8311100113,4063606601633,28.0,28.0,3,24,8311100113,Lowa,MATCH_EXPLICIT_220_MAPPING,26.0,28.0,False,STORE
CNH23ZP120030,6976023924668,360.0,360.0,3,24,CNH23ZP120030,Naturehike,MATCH_EXPLICIT_220_MAPPING,347.0,360.0,False,STORE
NH20TM008105,6927595773390,195.0,195.0,3,24,NH20TM008105,Naturehike,MATCH_EXPLICIT_220_MAPPING,145.0,195.0,False,STORE
660830A-142,6959740917007,49.0,49.0,0,24,660830A-142,Humtto,MATCH_EXPLICIT_220_MAPPING,49.0,34.2,True,NONE
660830A-143,6959740917008,49.0,49.0,0,24,660830A-143,Humtto,MATCH_EXPLICIT_220_MAPPING,49.0,34.2,True,NONE
660830A-144,6959740917009,49.0,49.0,0,24,660830A-144,Humtto,MATCH_EXPLICIT_220_MAPPING,49.0,34.2,True,NONE
660830A-145,6959740917010,49.0,49.0,3,24,660830A-145,Humtto,MATCH_EXPLICIT_220_MAPPING,49.0,34.2,True,STORE
660830A-146,6959740917011,49.0,49.0,0,24,660830A-146,Humtto,MATCH_EXPLICIT_220_MAPPING,49.0,34.2,True,NONE
10303D69G-44,4751088442644,95.0,95.0,0,48,10303D69G-44,Grisport,MATCH_EXPLICIT_220_MAPPING,95.0,95.0,False,NONE
10303D69G-45,4751088442745,95.0,95.0,3,24,10303D69G-45,Grisport,MATCH_EXPLICIT_220_MAPPING,95.0,95.0,False,STORE
10303D69G-46,4751083963046,95.0,95.0,3,24,10303D69G-46,Grisport,MATCH_EXPLICIT_220_MAPPING,95.0,95.0,False,STORE
15011D12t-43,4751087386043,122.0,122.0,3,24,15011D12t-43,Grisport,MATCH_EXPLICIT_220_MAPPING,121.0,122.0,False,STORE
15011D12t-44,4751086384444,122.0,122.0,3,24,15011D12t-44,Grisport,MATCH_EXPLICIT_220_MAPPING,121.0,122.0,False,STORE
15011D12t-45,4751087386045,122.0,122.0,3,24,15011D12t-45,Grisport,MATCH_EXPLICIT_220_MAPPING,121.0,122.0,False,STORE
15203D44G-44,4751035665301,120.0,120.0,3,24,15203D44G-44,Grisport,MATCH_EXPLICIT_220_MAPPING,100.0,120.0,False,STORE
15203D44G-45,4751070397738,120.0,120.0,0,48,15203D44G-45,Grisport,MATCH_EXPLICIT_220_MAPPING,100.0,120.0,False,NONE
15203D44G-46,4751083360643,120.0,120.0,0,48,15203D44G-46,Grisport,MATCH_EXPLICIT_220_MAPPING,100.0,120.0,False,NONE
528-0271,4953571093179,68.0,68.0,0,48,528-0271,Soto,MATCH_EXPLICIT_220_MAPPING,65.0,68.0,False,NONE
SOTO SOD-501,4953571295008,89.95,89.95,3,24,SOTO SOD-501,Soto,MATCH_EXPLICIT_220_MAPPING,89.95,89.95,False,STORE
SOTO SOD-521,4953571195216,86.95,86.95,3,24,SOTO SOD-521,Soto,MATCH_EXPLICIT_220_MAPPING,82.95,86.95,False,STORE
SOTO OD-TSK,4953571096087,68.0,68.0,3,24,SOTO OD-TSK,Soto,MATCH_EXPLICIT_220_MAPPING,65.0,68.0,False,STORE
ss11298B,5908221360611,11.0,11.0,3,24,ss11298B,Fjord Nansen,MATCH_EXPLICIT_220_MAPPING,9.9,11.0,False,STORE
ss8923,5908221357314,42.0,42.0,3,24,ss8923,Fjord Nansen,MATCH_EXPLICIT_220_MAPPING,42.0,42.0,False,STORE
ss8925,5908221357529,35.0,35.0,6,24,ss8925,Fjord Nansen,MATCH_EXPLICIT_220_MAPPING,35.0,35.0,False,STORE
160913B-438,4751160913438,64.0,64.0,3,24,160913B-438,Humtto,MATCH_EXPLICIT_220_MAPPING,64.0,38.4,True,STORE
160913B-439,4751160913439,64.0,64.0,0,48,160913B-439,Humtto,MATCH_EXPLICIT_220_MAPPING,64.0,38.4,True,NONE
160913B-440,4751160913440,64.0,64.0,0,48,160913B-440,Humtto,MATCH_EXPLICIT_220_MAPPING,64.0,38.4,True,NONE
160913B-441,4751160913441,64.0,64.0,0,48,160913B-441,Humtto,MATCH_EXPLICIT_220_MAPPING,64.0,38.4,True,NONE
150453B-238,4751150453238,69.0,69.0,3,24,150453B-238,Humtto,MATCH_EXPLICIT_220_MAPPING,69.0,59.0,True,STORE
150453B-240,4751150453240,69.0,69.0,3,24,150453B-240,Humtto,MATCH_EXPLICIT_220_MAPPING,69.0,59.0,True,STORE
250290B-139,4751250290139,59.0,59.0,0,24,250290B-139,Hummto,MATCH_EXPLICIT_220_MAPPING,55.0,59.0,False,NONE
fortux-gtx42,4063606787900,188.0,188.0,3,24,fortux-gtx42,Lowa,MATCH_EXPLICIT_220_MAPPING,188.0,188.0,False,STORE
fortux-gtx45,4063606787955,188.0,188.0,12,48,fortux-gtx45,Lowa,MATCH_EXPLICIT_220_MAPPING,188.0,188.0,False,LOWA
ss11473,5908221360253,350.0,350.0,3,24,ss11473,Fjord Nansen,MATCH_EXPLICIT_220_MAPPING,350.0,350.0,False,STORE
ss11474,5908221360000,290.0,290.0,0,48,ss11474,Fjord Nansen,MATCH_EXPLICIT_220_MAPPING,290.0,290.0,False,NONE
ss1873,5908221344314,105.0,105.0,3,24,ss1873,Fjord Nansen,MATCH_EXPLICIT_220_MAPPING,105.0,105.0,False,STORE
ss1868,5908221344512,47.0,47.0,3,24,ss1868,Fjord Nansen,MATCH_EXPLICIT_220_MAPPING,47.0,47.0,False,STORE
ss4303,5908221347827,44.0,44.0,3,24,ss4303,Fjord Nansen,MATCH_EXPLICIT_220_MAPPING,44.0,44.0,False,STORE
kj0359,5908221323050,18.0,18.0,3,24,kj0359,Fjord Nansen,MATCH_EXPLICIT_220_MAPPING,18.0,18.0,False,STORE
S2081,5908221339020,12.5,12.5,4,24,S2081,Fjord Nansen,MATCH_EXPLICIT_220_MAPPING,12.5,12.5,False,STORE
kj0358,5908221339006,12.5,12.5,3,24,kj0358,Fjord Nansen,MATCH_EXPLICIT_220_MAPPING,12.5,12.5,False,STORE
ss11499o,5908221360895,18.5,18.5,3,24,ss11499o,Fjord Nansen,MATCH_EXPLICIT_220_MAPPING,18.0,18.5,False,STORE
ss11498g,5908221360901,18.5,18.5,3,24,ss11498g,Fjord Nansen,MATCH_EXPLICIT_220_MAPPING,18.0,18.5,False,STORE
ss6106,5908221350094,23.0,23.0,3,24,ss6106,Fjord Nansen,MATCH_EXPLICIT_220_MAPPING,21.0,23.0,False,STORE
ss9209,5908221358533,38.0,38.0,3,24,ss9209,Fjord Nansen,MATCH_EXPLICIT_220_MAPPING,38.0,38.0,False,STORE
ss10309-35-38,5908221354283,10.5,10.5,3,24,ss10309-35-38,Fjord Nansen,MATCH_EXPLICIT_220_MAPPING,9.5,10.5,False,STORE
ss10309-39-42,5908221354290,10.5,10.5,0,48,ss10309-39-42,Fjord Nansen,MATCH_EXPLICIT_220_MAPPING,9.5,10.5,False,NONE
ss10309-43-46,5908221358182,10.5,10.5,0,48,ss10309-43-46,Fjord Nansen,MATCH_EXPLICIT_220_MAPPING,9.5,10.5,False,NONE
ss11380-35-38,5908221360437,14.5,14.5,0,48,ss11380-35-38,Fjord Nansen,MATCH_EXPLICIT_220_MAPPING,14.0,14.5,False,NONE
ss11380-39-42,5908221360444,14.5,14.5,4,24,ss11380-39-42,Fjord Nansen,MATCH_EXPLICIT_220_MAPPING,14.0,14.5,False,STORE
ss11380-43-46,5908221360451,14.5,14.5,0,48,ss11380-43-46,Fjord Nansen,MATCH_EXPLICIT_220_MAPPING,14.0,14.5,False,NONE
150453A-243,4751150453243,69.0,69.0,0,48,150453A-243,Humtto,MATCH_EXPLICIT_220_MAPPING,69.0,69.0,False,NONE
150453A-246,4751150453246,69.0,69.0,0,48,150453A-246,Humtto,MATCH_EXPLICIT_220_MAPPING,69.0,69.0,False,NONE
150453A-245,4751150453245,69.0,69.0,3,24,150453A-245,Humtto,MATCH_EXPLICIT_220_MAPPING,69.0,69.0,False,STORE
160120A-243,4751160120243,39.0,39.0,3,24,160120A-243,Humtto,MATCH_EXPLICIT_220_MAPPING,39.0,39.0,False,STORE
160120A-244,4751160120244,39.0,39.0,0,48,160120A-244,Humtto,MATCH_EXPLICIT_220_MAPPING,39.0,39.0,False,NONE
160120A-245,4751160120245,65.0,65.0,0,48,160120A-245,Humtto,MATCH_EXPLICIT_220_MAPPING,39.0,65.0,False,NONE
160120A-246,4751160120246,65.0,65.0,0,48,160120A-246,Humtto,MATCH_EXPLICIT_220_MAPPING,39.0,65.0,False,NONE
860714A-444,4751860714444,69.0,69.0,0,48,860714A-444,Humtto,MATCH_EXPLICIT_220_MAPPING,69.0,69.0,False,NONE
860714A-445,4751860714445,69.0,69.0,0,48,860714A-445,Humtto,MATCH_EXPLICIT_220_MAPPING,69.0,69.0,False,NONE
860714A-446,4751860714446,69.0,69.0,3,24,860714A-446,Humtto,MATCH_EXPLICIT_220_MAPPING,69.0,69.0,False,STORE
160628A-543,4751160628543,69.0,69.0,3,24,160628A-543,Humtto,MATCH_EXPLICIT_220_MAPPING,69.0,69.0,False,STORE
160628A-544,4751160628544,69.0,69.0,0,48,160628A-544,Humtto,MATCH_EXPLICIT_220_MAPPING,69.0,69.0,False,NONE
160628A-545,4751160628545,69.0,69.0,0,48,160628A-545,Humtto,MATCH_EXPLICIT_220_MAPPING,69.0,69.0,False,NONE
160628A-546,4751160628546,69.0,69.0,3,24,160628A-546,Humtto,MATCH_EXPLICIT_220_MAPPING,69.0,69.0,False,STORE
694F-2B43,3838405052891,179.0,179.0,0,48,694F-2B43,Alpina,MATCH_EXPLICIT_220_MAPPING,139.0,179.0,False,NONE
694F-2B44,3838405052907,179.0,179.0,0,48,694F-2B44,Alpina,MATCH_EXPLICIT_220_MAPPING,139.0,179.0,False,NONE
694F-2B45,3838405052914,179.0,179.0,3,24,694F-2B45,Alpina,MATCH_EXPLICIT_220_MAPPING,139.0,179.0,False,STORE
694F-2B46,3838405052921,179.0,179.0,3,24,694F-2B46,Alpina,MATCH_EXPLICIT_220_MAPPING,139.0,179.0,False,STORE
622F-3K38,3838405339671,120.0,120.0,3,24,622F-3K38,Alpina,MATCH_EXPLICIT_220_MAPPING,119.0,120.0,False,STORE
622F-3K40,3838405339695,120.0,120.0,0,48,622F-3K40,Alpina,MATCH_EXPLICIT_220_MAPPING,119.0,120.0,False,NONE
622F-3K41,3838405339701,120.0,120.0,0,48,622F-3K41,Alpina,MATCH_EXPLICIT_220_MAPPING,119.0,120.0,False,NONE
622F-3K39,3838405339688,120.0,120.0,3,24,622F-3K39,Alpina,MATCH_EXPLICIT_220_MAPPING,119.0,120.0,False,STORE
631D-1B37.5,3838405055229,130.0,130.0,3,24,631D-1B37.5,Alpina,MATCH_EXPLICIT_220_MAPPING,129.0,130.0,False,STORE
631D-1B38,3838405055236,130.0,130.0,3,24,631D-1B38,Alpina,MATCH_EXPLICIT_220_MAPPING,129.0,130.0,False,STORE
631D-1B39,3838405055243,130.0,130.0,0,48,631D-1B39,Alpina,MATCH_EXPLICIT_220_MAPPING,129.0,130.0,False,NONE
631D-1B39.5,3838405055250,130.0,130.0,3,24,631D-1B39.5,Alpina,MATCH_EXPLICIT_220_MAPPING,129.0,130.0,False,STORE
14903N13G-38,4038247633848,97.0,97.0,0,48,14903N13G-38,Grisport,MATCH_EXPLICIT_220_MAPPING,96.8,97.0,False,NONE
14903N13G-39,4038247633855,97.0,97.0,3,24,14903N13G-39,Grisport,MATCH_EXPLICIT_220_MAPPING,96.8,97.0,False,STORE
14903N13G-41,4038247633879,97.0,97.0,0,48,14903N13G-41,Grisport,MATCH_EXPLICIT_220_MAPPING,96.8,97.0,False,NONE
14801tv50tn-38,4038280073638,86.0,86.0,3,24,14801tv50tn-38,Grisport,MATCH_EXPLICIT_220_MAPPING,76.0,86.0,False,STORE
14801tv50tn-39,4038280073639,86.0,86.0,3,24,14801tv50tn-39,Grisport,MATCH_EXPLICIT_220_MAPPING,76.0,86.0,False,STORE
14801tv50tn-40,4038280073640,86.0,86.0,0,48,14801tv50tn-40,Grisport,MATCH_EXPLICIT_220_MAPPING,76.0,86.0,False,NONE
14801tv50tn-41,4038280073641,86.0,86.0,3,24,14801tv50tn-41,Grisport,MATCH_EXPLICIT_220_MAPPING,76.0,86.0,False,STORE
11205D15G-43,4038288736443,105.0,105.0,0,48,11205D15G-43,Grisport,MATCH_EXPLICIT_220_MAPPING,99.0,105.0,False,NONE
11205D15G-44,4038288650644,105.0,105.0,0,48,11205D15G-44,Grisport,MATCH_EXPLICIT_220_MAPPING,99.0,105.0,False,NONE
11205D15G-45,4038288064545,105.0,105.0,0,48,11205D15G-45,Grisport,MATCH_EXPLICIT_220_MAPPING,99.0,105.0,False,NONE
11205D15G-42,4038290244642,105.0,105.0,0,48,11205D15G-42,Grisport,MATCH_EXPLICIT_220_MAPPING,99.0,105.0,False,NONE
11205D15G-47,4038290244547,105.0,105.0,0,48,11205D15G-47,Grisport,MATCH_EXPLICIT_220_MAPPING,99.0,105.0,False,NONE
14801v51G-41,8601000011908,102.0,102.0,3,24,14801v51G-41,Grisport,MATCH_EXPLICIT_220_MAPPING,81.5,102.0,False,STORE
14801v51G-42,8601000011915,102.0,102.0,3,24,14801v51G-42,Grisport,MATCH_EXPLICIT_220_MAPPING,81.5,102.0,False,STORE
14801v51G-43,8601000011922,102.0,102.0,0,48,14801v51G-43,Grisport,MATCH_EXPLICIT_220_MAPPING,81.5,102.0,False,NONE
14801v51G-44,8601000011939,102.0,102.0,0,48,14801v51G-44,Grisport,MATCH_EXPLICIT_220_MAPPING,81.5,102.0,False,NONE
14801v51G-45,8601082797045,102.0,102.0,0,48,14801v51G-45,Grisport,MATCH_EXPLICIT_220_MAPPING,81.5,102.0,False,NONE
13711S49tn-37,4751887877437,101.0,101.0,3,24,13711S49tn-37,Grisport,MATCH_EXPLICIT_220_MAPPING,101.0,101.0,False,STORE
13711S49tn-38,4751887877438,101.0,101.0,3,24,13711S49tn-38,Grisport,MATCH_EXPLICIT_220_MAPPING,101.0,101.0,False,STORE
13711S49tn-39,4751887877439,101.0,101.0,3,24,13711S49tn-39,Grisport,MATCH_EXPLICIT_220_MAPPING,101.0,101.0,False,STORE
13711S49tn-40,4751887877440,101.0,101.0,3,24,13711S49tn-40,Grisport,MATCH_EXPLICIT_220_MAPPING,101.0,101.0,False,STORE
13711S49tn-41,4751887877441,101.0,101.0,0,48,13711S49tn-41,Grisport,MATCH_EXPLICIT_220_MAPPING,101.0,101.0,False,NONE
14717A5tn-37,4751887890137,93.0,93.0,3,24,14717A5tn-37,Grisport,MATCH_EXPLICIT_220_MAPPING,71.0,93.0,False,STORE
14717A5tn-38,4751887890138,93.0,93.0,3,24,14717A5tn-38,Grisport,MATCH_EXPLICIT_220_MAPPING,71.0,93.0,False,STORE
14717A5tn-39,4751887890139,93.0,93.0,3,24,14717A5tn-39,Grisport,MATCH_EXPLICIT_220_MAPPING,71.0,93.0,False,STORE
14717A5tn-40,4751887890140,93.0,93.0,0,48,14717A5tn-40,Grisport,MATCH_EXPLICIT_220_MAPPING,71.0,93.0,False,NONE
14717A5tn-41,4751887890141,93.0,93.0,0,48,14717A5tn-41,Grisport,MATCH_EXPLICIT_220_MAPPING,71.0,93.0,False,NONE
12801 D64WT-41,4751887501341,125.0,125.0,0,48,12801 D64WT-41,Grisport,MATCH_EXPLICIT_220_MAPPING,105.0,125.0,False,NONE
11601o77tn-41,4751887506341,125.0,125.0,3,24,11601o77tn-41,Grisport,MATCH_EXPLICIT_220_MAPPING,87.0,125.0,False,STORE
11601o77tn-42,4751887506342,125.0,125.0,3,24,11601o77tn-42,Grisport,MATCH_EXPLICIT_220_MAPPING,87.0,125.0,False,STORE
11601o77tn-43,4751887506343,125.0,125.0,3,24,11601o77tn-43,Grisport,MATCH_EXPLICIT_220_MAPPING,87.0,125.0,False,STORE
11601o77tn-44,4751887506344,125.0,125.0,3,24,11601o77tn-44,Grisport,MATCH_EXPLICIT_220_MAPPING,87.0,125.0,False,STORE
11601o77tn-45,4751887506345,125.0,125.0,3,24,11601o77tn-45,Grisport,MATCH_EXPLICIT_220_MAPPING,87.0,125.0,False,STORE
B09ZK59GQ1,4030219324389,29.0,29.0,4,24,B09ZK59GQ1,ARA,MATCH_EXPLICIT_220_MAPPING,29.0,25.0,True,STORE
B0776XMDTS,5055338415748,29.0,29.0,3,24,B0776XMDTS,Apache,MATCH_EXPLICIT_220_MAPPING,29.0,25.0,True,STORE
B0718ZZMBX,4046872382222,62.0,62.0,0,48,B0718ZZMBX,Mil-Tec,MATCH_EXPLICIT_220_MAPPING,49.5,62.0,False,NONE
B072BCVY8S,4046872382246,62.0,62.0,0,48,B072BCVY8S,Mil-Tec,MATCH_EXPLICIT_220_MAPPING,49.5,62.0,False,NONE
B071DR6J3F,4046872383892,62.0,62.0,3,24,B071DR6J3F,Mil-Tec,MATCH_EXPLICIT_220_MAPPING,49.0,62.0,False,STORE
B072BCVY8G,4046872383915,62.0,62.0,0,48,B072BCVY8G,Mil-Tec,MATCH_EXPLICIT_220_MAPPING,49.0,62.0,False,NONE
B004OU61Q4,4046872162084,64.5,64.5,3,24,B004OU61Q4,Mil-Tec,MATCH_EXPLICIT_220_MAPPING,50.0,64.5,False,STORE
B004OUBJES,4046872162107,64.5,64.5,0,48,B004OUBJES,Mil-Tec,MATCH_EXPLICIT_220_MAPPING,50.0,64.5,False,NONE
B004OUEMFQ,4046872162114,64.5,64.5,3,24,B004OUEMFQ,Mil-Tec,MATCH_EXPLICIT_220_MAPPING,50.0,64.5,False,STORE
B004OU7XOI,4046872162138,64.5,64.5,3,24,B004OU7XOI,Mil-Tec,MATCH_EXPLICIT_220_MAPPING,50.0,64.5,False,STORE
ss5613sm,5908221350124,19.0,19.0,3,24,ss5613sm,Fjord Nansen,MATCH_EXPLICIT_220_MAPPING,17.0,19.0,False,STORE
ss5613LXL,5908221350131,19.0,19.0,3,24,ss5613LXL,Fjord Nansen,MATCH_EXPLICIT_220_MAPPING,17.0,19.0,False,STORE
ss10755/mw,5908221360512,22.0,22.0,3,24,ss10755/mw,Fjord Nansen,MATCH_EXPLICIT_220_MAPPING,21.0,22.0,False,STORE
ss10749/mw,5908221360567,19.0,19.0,3,24,ss10749/mw,Fjord Nansen,MATCH_EXPLICIT_220_MAPPING,18.0,19.0,False,STORE
ss10748/mw,5908221360550,19.0,19.0,3,24,ss10748/mw,Fjord Nansen,MATCH_EXPLICIT_220_MAPPING,18.0,19.0,False,STORE
ss10750/mw,5908221360581,19.0,19.0,0,48,ss10750/mw,Fjord Nansen,MATCH_EXPLICIT_220_MAPPING,18.0,19.0,False,NONE
ss10747/mw,5908221360574,19.0,19.0,3,24,ss10747/mw,Fjord Nansen,MATCH_EXPLICIT_220_MAPPING,18.0,19.0,False,STORE
ss8688XS,5908221356089,41.5,41.5,3,24,ss8688XS,Fjord Nansen,MATCH_EXPLICIT_220_MAPPING,41.5,41.5,False,STORE
ss8688S-M,5908221356096,41.5,41.5,3,24,ss8688S-M,Fjord Nansen,MATCH_EXPLICIT_220_MAPPING,41.5,41.5,False,STORE
ss8688L-XL,5908221356102,41.5,41.5,3,24,ss8688L-XL,Fjord Nansen,MATCH_EXPLICIT_220_MAPPING,41.5,41.5,False,STORE
ss8375-35-38,5908221355327,16.0,16.0,3,24,ss8375-35-38,Fjord Nansen,MATCH_EXPLICIT_220_MAPPING,15.0,16.0,False,STORE
ss8375-39-42,5908221355402,16.0,16.0,0,48,ss8375-39-42,Fjord Nansen,MATCH_EXPLICIT_220_MAPPING,15.0,16.0,False,NONE
ss8375-43-46,5908221355419,16.0,16.0,0,48,ss8375-43-46,Fjord Nansen,MATCH_EXPLICIT_220_MAPPING,15.0,16.0,False,NONE
14GLVM810-990SM,4771999431378,30.5,30.5,3,24,14GLVM810-990SM,Thermowave,MATCH_EXPLICIT_220_MAPPING,30.5,30.5,False,STORE
14GLVM810-990LXL,4771999431385,30.5,30.5,3,24,14GLVM810-990LXL,Thermowave,MATCH_EXPLICIT_220_MAPPING,30.5,30.5,False,STORE
2459511615,7331423013517,34.0,34.0,3,24,2459511615,Light My Fire,MATCH_EXPLICIT_220_MAPPING,34.0,34.0,False,STORE
2412413115,7331423015191,13.0,13.0,0,48,2412413115,Light My Fire,MATCH_EXPLICIT_220_MAPPING,12.5,13.0,False,NONE
2412415113,7331423015047,13.0,13.0,4,24,2412415113,Light My Fire,MATCH_EXPLICIT_220_MAPPING,12.5,13.0,False,STORE
682023-0217,661195005791,20.0,20.0,3,24,682023-0217,Nalgene,MATCH_EXPLICIT_220_MAPPING,19.5,20.0,False,STORE
STAL/02/35-38,5903282603332,14.5,14.5,0,48,STAL/02/35-38,Comodo,MATCH_EXPLICIT_220_MAPPING,13.5,14.5,False,NONE
STAL/02/39-42,5903282603349,14.5,14.5,0,48,STAL/02/39-42,Comodo,MATCH_EXPLICIT_220_MAPPING,13.5,14.5,False,NONE
STAL/02/43-46,5903282603356,14.5,14.5,4,24,STAL/02/43-46,Comodo,MATCH_EXPLICIT_220_MAPPING,13.5,14.5,False,STORE
21179034,8720673186086,41.0,41.0,3,24,21179034,Beagles,MATCH_EXPLICIT_220_MAPPING,39.95,41.0,False,STORE
23940001,8720673185126,51.0,51.0,4,24,23940001,Beagles,MATCH_EXPLICIT_220_MAPPING,49.95,51.0,False,STORE
24219001,8720673193756,36.0,36.0,3,24,24219001,Beagles,MATCH_EXPLICIT_220_MAPPING,34.95,36.0,False,STORE
21263029,8720673084535,31.0,31.0,3,24,21263029,Beagles,MATCH_EXPLICIT_220_MAPPING,29.95,31.0,False,STORE
25268012,8720673070385,31.0,31.0,3,24,25268012,Beagles,MATCH_EXPLICIT_220_MAPPING,29.95,31.0,False,STORE
STAL/12/35-38,5903282622760,14.5,14.5,3,24,STAL/12/35-38,Comodo,MATCH_EXPLICIT_220_MAPPING,13.5,14.5,False,STORE
STAL/12/39-42,5903282622777,14.5,14.5,0,48,STAL/12/39-42,Comodo,MATCH_EXPLICIT_220_MAPPING,13.5,14.5,False,NONE
STAL/12/43-46,5903282622784,14.5,14.5,0,48,STAL/12/43-46,Comodo,MATCH_EXPLICIT_220_MAPPING,13.5,14.5,False,NONE
TRE19/03/35-38,5903282628137,12.5,12.5,0,48,TRE19/03/35-38,Comodo,MATCH_EXPLICIT_220_MAPPING,11.2,12.5,False,NONE
TRE19/03/39-42,5903282628144,12.5,12.5,0,48,TRE19/03/39-42,Comodo,MATCH_EXPLICIT_220_MAPPING,11.2,12.5,False,NONE
TRE12/03/35-38,5903282604933,19.5,19.5,4,24,TRE12/03/35-38,Comodo,MATCH_EXPLICIT_220_MAPPING,18.0,19.5,False,STORE
TRE12/03/39-42,5903282604940,19.5,19.5,3,24,TRE12/03/39-42,Comodo,MATCH_EXPLICIT_220_MAPPING,18.0,19.5,False,STORE
TRE12/03/43-46,5903282604957,19.5,19.5,0,48,TRE12/03/43-46,Comodo,MATCH_EXPLICIT_220_MAPPING,18.0,19.5,False,NONE
TRE18/11/35-38,5903282627956,11.0,11.0,3,24,TRE18/11/35-38,Comodo,MATCH_EXPLICIT_220_MAPPING,10.5,11.0,False,STORE
TRE18/11/39-42,5903282627963,11.0,11.0,3,24,TRE18/11/39-42,Comodo,MATCH_EXPLICIT_220_MAPPING,10.5,11.0,False,STORE
TRE18/11/43-46,5903282627970,11.0,11.0,5,24,TRE18/11/43-46,Comodo,MATCH_EXPLICIT_220_MAPPING,10.5,11.0,False,STORE
ss8371S,5908221354221,9.5,9.5,0,24,ss8371S,Fjord Nansen,MATCH_EXPLICIT_220_MAPPING,8.9,9.5,False,NONE
ss8371M,5908221354238,9.5,9.5,0,24,ss8371M,Fjord Nansen,MATCH_EXPLICIT_220_MAPPING,8.9,9.5,False,NONE
ss8371L,5908221354245,9.5,9.5,4,24,ss8371L,Fjord Nansen,MATCH_EXPLICIT_220_MAPPING,8.9,9.5,False,STORE
ss949835-38,5908221358502,22.0,22.0,3,24,ss949835-38,Fjord Nansen,MATCH_EXPLICIT_220_MAPPING,21.0,22.0,False,STORE
ss949839-42,5908221358519,22.0,22.0,3,24,ss949839-42,Fjord Nansen,MATCH_EXPLICIT_220_MAPPING,21.0,22.0,False,STORE
ss949843-46,5908221358526,22.0,22.0,3,24,ss949843-46,Fjord Nansen,MATCH_EXPLICIT_220_MAPPING,21.0,22.0,False,STORE
ss9086,5908221358663,208.0,208.0,3,24,ss9086,Fjord Nansen,MATCH_EXPLICIT_220_MAPPING,207.0,208.0,False,STORE
ss10320,5908221360055,14.5,14.5,3,24,ss10320,Fjord Nansen,MATCH_EXPLICIT_220_MAPPING,13.5,14.5,False,STORE
ss10353,5908221360062,14.5,14.5,3,24,ss10353,Fjord Nansen,MATCH_EXPLICIT_220_MAPPING,13.5,14.5,False,STORE
ss10343,5908221360086,15.0,15.0,3,24,ss10343,Fjord Nansen,MATCH_EXPLICIT_220_MAPPING,14.0,15.0,False,STORE
ss9485,5908221358298,85.0,85.0,3,24,ss9485,Fjord Nansen,MATCH_EXPLICIT_220_MAPPING,83.0,85.0,False,STORE
ss10509,5908221360222,22.0,22.0,4,24,ss10509,Fjord Nansen,MATCH_EXPLICIT_220_MAPPING,22.0,22.0,False,STORE
ss5503,5908221349951,12.5,12.5,4,24,ss5503,Fjord Nansen,MATCH_EXPLICIT_220_MAPPING,12.0,12.5,False,STORE
63040,0021563630404,36.0,36.0,3,24,63040,GearAid,MATCH_EXPLICIT_220_MAPPING,36.0,36.0,False,STORE
11541-013,0021563115413,12.5,12.5,3,24,11541-013,GearAid,MATCH_EXPLICIT_220_MAPPING,12.0,12.5,False,STORE
10800,0021563108002,12.5,12.5,5,24,10800,Gear Aid,MATCH_EXPLICIT_220_MAPPING,12.0,12.5,False,STORE
37C132B-1L,6959740914836,79.0,79.0,3,24,37C132B-1L,Humtto,MATCH_EXPLICIT_220_MAPPING,55.9,79.0,False,STORE
37C132B-12XL,6959740914837,79.0,79.0,3,24,37C132B-12XL,Humtto,MATCH_EXPLICIT_220_MAPPING,55.9,79.0,False,STORE
37C132B-13XL,6959740914838,79.0,79.0,0,24,37C132B-13XL,Humtto,MATCH_EXPLICIT_220_MAPPING,55.9,79.0,False,NONE
37C132B-14XL,6959740914839,79.0,79.0,3,24,37C132B-14XL,Humtto,MATCH_EXPLICIT_220_MAPPING,55.9,79.0,False,STORE
46C138B-3-M,6959740912835,93.0,93.0,3,24,46C138B-3-M,Humtto,MATCH_EXPLICIT_220_MAPPING,93.0,89.0,True,STORE
46C138B-3L,6959740912836,93.0,93.0,3,24,46C138B-3L,Humtto,MATCH_EXPLICIT_220_MAPPING,93.0,89.0,True,STORE
46C138B-32XL,6959740912837,93.0,93.0,3,24,46C138B-32XL,Humtto,MATCH_EXPLICIT_220_MAPPING,93.0,89.0,True,STORE
46C138B-33XL,6959740912838,93.0,93.0,0,48,46C138B-33XL,Humtto,MATCH_EXPLICIT_220_MAPPING,93.0,89.0,True,NONE
46C138B-34XL,6959740912839,93.0,93.0,3,24,46C138B-34XL,Humtto,MATCH_EXPLICIT_220_MAPPING,93.0,89.0,True,STORE
38J109B-1M,6959740919605,39.5,39.5,3,24,38J109B-1M,Humtto,MATCH_EXPLICIT_220_MAPPING,39.5,39.5,False,STORE
38J109B-1L,6959740919606,39.5,39.5,3,24,38J109B-1L,Humtto,MATCH_EXPLICIT_220_MAPPING,39.5,39.5,False,STORE
38J109B-1XL,6959740919607,39.5,39.5,3,24,38J109B-1XL,Humtto,MATCH_EXPLICIT_220_MAPPING,39.5,39.5,False,STORE
38J109B-12XL,6959740919608,39.5,39.5,3,24,38J109B-12XL,Humtto,MATCH_EXPLICIT_220_MAPPING,39.5,39.5,False,STORE
38J109B-13XL,6959740919609,39.5,39.5,3,24,38J109B-13XL,Humtto,MATCH_EXPLICIT_220_MAPPING,39.5,39.5,False,STORE
14409 N43tn-37,4751887887137,99.0,99.0,3,24,14409 N43tn-37,Grisport,MATCH_EXPLICIT_220_MAPPING,79.0,99.0,False,STORE
14409 N43tn-38,4751887887138,99.0,99.0,3,24,14409 N43tn-38,Grisport,MATCH_EXPLICIT_220_MAPPING,79.0,99.0,False,STORE
14409 N43tn-39,4751887887139,99.0,99.0,3,24,14409 N43tn-39,Grisport,MATCH_EXPLICIT_220_MAPPING,79.0,99.0,False,STORE
14409 N43tn-40,4751887887140,99.0,99.0,3,24,14409 N43tn-40,Grisport,MATCH_EXPLICIT_220_MAPPING,79.0,99.0,False,STORE
14409 N43tn-41,4751887887141,99.0,99.0,0,48,14409 N43tn-41,Grisport,MATCH_EXPLICIT_220_MAPPING,79.0,99.0,False,NONE
14411 S18tn-37,4751887510637,95.0,95.0,3,24,14411 S18tn-37,Grisport,MATCH_EXPLICIT_220_MAPPING,76.0,95.0,False,STORE
14411 S18tn-38,4751887510638,95.0,95.0,3,24,14411 S18tn-38,Grisport,MATCH_EXPLICIT_220_MAPPING,76.0,95.0,False,STORE
14411 S18tn-39,4751887510639,95.0,95.0,3,24,14411 S18tn-39,Grisport,MATCH_EXPLICIT_220_MAPPING,76.0,95.0,False,STORE
14411 S18tn-40,4751887510640,95.0,95.0,3,24,14411 S18tn-40,Grisport,MATCH_EXPLICIT_220_MAPPING,76.0,95.0,False,STORE
14411 S18tn-41,4751887510641,95.0,95.0,3,24,14411 S18tn-41,Grisport,MATCH_EXPLICIT_220_MAPPING,76.0,95.0,False,STORE
44427 V82tn-37,4751888308237,85.0,85.0,3,24,44427 V82tn-37,Grisport,MATCH_EXPLICIT_220_MAPPING,85.0,85.0,False,STORE
44427 V82tn-38,4751888308238,85.0,85.0,0,48,44427 V82tn-38,Grisport,MATCH_EXPLICIT_220_MAPPING,85.0,85.0,False,NONE
44427 V82tn-39,4751888308239,85.0,85.0,3,24,44427 V82tn-39,Grisport,MATCH_EXPLICIT_220_MAPPING,85.0,85.0,False,STORE
44427 V82tn-40,4751888308240,85.0,85.0,0,48,44427 V82tn-40,Grisport,MATCH_EXPLICIT_220_MAPPING,85.0,85.0,False,NONE
44427 V82tn-41,4751888308241,85.0,85.0,3,24,44427 V82tn-41,Grisport,MATCH_EXPLICIT_220_MAPPING,85.0,85.0,False,STORE
14901 S50tn-41,4751887503541,95.0,95.0,3,24,14901 S50tn-41,Grisport,MATCH_EXPLICIT_220_MAPPING,76.0,95.0,False,STORE
14901 S50tn-42,4751887503542,95.0,95.0,3,24,14901 S50tn-42,Grisport,MATCH_EXPLICIT_220_MAPPING,76.0,95.0,False,STORE
14901 S50tn-43,4751887503543,95.0,95.0,3,24,14901 S50tn-43,Grisport,MATCH_EXPLICIT_220_MAPPING,76.0,95.0,False,STORE
14901 S50tn-44,4751887503544,95.0,95.0,3,24,14901 S50tn-44,Grisport,MATCH_EXPLICIT_220_MAPPING,76.0,95.0,False,STORE
14901 S50tn-45,4751887503545,95.0,95.0,3,24,14901 S50tn-45,Grisport,MATCH_EXPLICIT_220_MAPPING,76.0,95.0,False,STORE
682024-0050,661195006194,20.0,20.0,0,48,682024-0050,Nalgene,MATCH_EXPLICIT_220_MAPPING,19.5,20.0,False,NONE
682023-0212,661195005746,20.0,20.0,3,24,682023-0212,Nalgene,MATCH_EXPLICIT_220_MAPPING,19.5,20.0,False,STORE
682023-0213,661195005753,20.0,20.0,0,48,682023-0213,Nalgene,MATCH_EXPLICIT_220_MAPPING,19.5,20.0,False,NONE
682023-0218,661195006262,20.0,20.0,3,24,682023-0218,Nalgene,MATCH_EXPLICIT_220_MAPPING,19.5,20.0,False,STORE
B07MCD1Q4R,7613357453288,139.0,139.0,3,24,B07MCD1Q4R,Mammut,MATCH_EXPLICIT_220_MAPPING,139.0,139.0,False,STORE
B0797YY6VL,7613357209885,98.0,98.0,3,24,B0797YY6VL,Mammut,MATCH_EXPLICIT_220_MAPPING,98.0,95.0,True,STORE
CNK2350WS020B,6977465865915,175.0,175.0,3,24,CNK2350WS020B,Naturehike,MATCH_EXPLICIT_220_MAPPING,175.0,175.0,False,STORE
NH17Z002-P,6927595776100,67.0,67.0,4,24,NH17Z002-P,Naturehike,MATCH_EXPLICIT_220_MAPPING,45.0,67.0,False,STORE
CNK2650WS013,6977465862594,225.0,225.0,3,24,CNK2650WS013,Naturehike,MATCH_EXPLICIT_220_MAPPING,225.0,195.0,True,STORE
W00908026,8720673192582,60.0,60.0,0,48,W00908026,Beagles,MATCH_EXPLICIT_220_MAPPING,59.95,60.0,False,NONE
24216001,8720673177435,30.0,30.0,3,24,24216001,Beagles,MATCH_EXPLICIT_220_MAPPING,29.95,30.0,False,STORE
CNK2450CF011,6975641889809,20.0,20.0,3,24,CNK2450CF011,Naturehike,MATCH_EXPLICIT_220_MAPPING,19.0,20.0,False,STORE
NH18F018-Z,6975641885504,7.5,7.5,9,24,NH18F018-Z,Naturehike,MATCH_EXPLICIT_220_MAPPING,6.5,7.5,False,STORE
CNK2550WS040,6977465862600,30.0,30.0,10,24,CNK2550WS040,Naturehike,MATCH_EXPLICIT_220_MAPPING,30.0,30.0,False,STORE
CNK2300DZ024,6976507667678,22.0,22.0,3,24,CNK2300DZ024,Naturehike,MATCH_EXPLICIT_220_MAPPING,20.0,22.0,False,STORE
24216029,8720673192254,30.0,30.0,0,24,24216029,Beagles,MATCH_EXPLICIT_220_MAPPING,29.95,30.0,False,NONE
CNK2300CJ016,6976023925177,23.0,23.0,4,24,CNK2300CJ016,Naturehike,MATCH_EXPLICIT_220_MAPPING,22.0,23.0,False,STORE
CNK2450CF030,6927595788653,23.0,23.0,3,24,CNK2450CF030,Naturehike,MATCH_EXPLICIT_220_MAPPING,22.0,23.0,False,STORE
NH18C400-D,6927595794548,145.0,145.0,3,24,NH18C400-D,Naturehike,MATCH_EXPLICIT_220_MAPPING,145.0,145.0,False,STORE
CNK2300SD014,6976023923081,35.0,35.0,3,24,CNK2300SD014,Naturehike,MATCH_EXPLICIT_220_MAPPING,35.0,35.0,False,STORE
CNH22SD006,6927595714393,75.0,75.0,3,24,CNH22SD006,Naturehike,MATCH_EXPLICIT_220_MAPPING,75.0,75.0,False,STORE
CNK2550WS037,6977465863607,215.0,215.0,3,24,CNK2550WS037,Naturehike,MATCH_EXPLICIT_220_MAPPING,215.0,215.0,False,STORE
CNK2550WS025G,6977465868787,59.0,59.0,0,24,CNK2550WS025G,Naturehike,MATCH_EXPLICIT_220_MAPPING,59.0,59.0,False,NONE
CNK2550WS025B,6977465868824,49.0,49.0,17,24,CNK2550WS025B,Naturehike,MATCH_EXPLICIT_220_MAPPING,49.0,49.0,False,STORE
CNK2550WS019B,6977465869609,73.0,73.0,10,24,CNK2550WS019B,Naturehike,MATCH_EXPLICIT_220_MAPPING,73.0,73.0,False,STORE
CNK2550WS025,6977465868770,80.0,80.0,5,24,CNK2550WS025,Naturehike,MATCH_EXPLICIT_220_MAPPING,80.0,80.0,False,STORE
CNK2550WS019,6977465869630,46.0,46.0,7,24,CNK2550WS019,Naturehike,MATCH_EXPLICIT_220_MAPPING,46.0,46.0,False,STORE
CNK2300DZ013,6976023926921,49.0,49.0,7,24,CNK2300DZ013,Naturehike,MATCH_EXPLICIT_220_MAPPING,49.0,49.0,False,STORE
NH20BB204,6927595795194,16.0,16.0,10,24,NH20BB204,Naturehike,MATCH_EXPLICIT_220_MAPPING,15.0,16.0,False,STORE
NH18M001-Z,6927595733806,25.0,25.0,4,24,NH18M001-Z,Naturehike,MATCH_EXPLICIT_220_MAPPING,24.0,25.0,False,STORE
CNK2450JJ015,6976023929410,56.0,56.0,4,24,CNK2450JJ015,Naturehike,MATCH_EXPLICIT_220_MAPPING,56.0,56.0,False,STORE
CNK2300SD021HU250R,6976507667296,54.0,54.0,7,24,CNK2300SD021HU250R,Naturehike,MATCH_EXPLICIT_220_MAPPING,54.0,54.0,False,STORE
CNK2300SD021H250L,6976507667258,54.0,54.0,7,24,CNK2300SD021H250L,Naturehike,MATCH_EXPLICIT_220_MAPPING,54.0,54.0,False,STORE
CNK2350WS026,6976507664226,75.0,75.0,4,24,CNK2350WS026,Naturehike,MATCH_EXPLICIT_220_MAPPING,75.0,75.0,False,STORE
NH21MSD11,6927595788325,59.0,59.0,4,24,NH21MSD11,Naturehike,MATCH_EXPLICIT_220_MAPPING,59.0,59.0,False,STORE
NH20MSD05,6976023922992,35.0,35.0,3,24,NH20MSD05,Naturehike,MATCH_EXPLICIT_220_MAPPING,35.0,35.0,False,STORE
CNK2300BS015,6975641889021,10.0,10.0,3,24,CNK2300BS015,Naturehike,MATCH_EXPLICIT_220_MAPPING,9.0,10.0,False,STORE
CNK2550XB012,6977465868268,15.0,15.0,7,24,CNK2550XB012,Naturehike,MATCH_EXPLICIT_220_MAPPING,15.0,15.0,False,STORE
CNH22CJ043,6975641887553,10.0,10.0,5,24,CNH22CJ043,Naturehike,MATCH_EXPLICIT_220_MAPPING,9.0,10.0,False,STORE
CNK2300BB013,6976507666954,25.0,25.0,3,24,CNK2300BB013,Naturehike,MATCH_EXPLICIT_220_MAPPING,25.0,25.0,False,STORE
CNK2300BB012,6976507667791,48.0,48.0,3,24,CNK2300BB012,Naturehike,MATCH_EXPLICIT_220_MAPPING,48.0,48.0,False,STORE
CYY2421ZB010,6976023929366,11.0,11.0,4,24,CYY2421ZB010,Naturehike,MATCH_EXPLICIT_220_MAPPING,10.0,11.0,False,STORE
CYY2421ZB010w,6976507662062,11.0,11.0,3,24,CYY2421ZB010w,Naturehike,MATCH_EXPLICIT_220_MAPPING,10.0,11.0,False,STORE
CNK2550ZM011,6977465869876,18.0,18.0,3,24,CNK2550ZM011,Naturehike,MATCH_EXPLICIT_220_MAPPING,18.0,18.0,False,STORE
NH19T011-D,6927595736739,22.0,22.0,14,24,NH19T011-D,Naturehike,MATCH_EXPLICIT_220_MAPPING,22.0,14.0,True,STORE
CNK2450ZM010,6976507665438,29.0,29.0,0,24,CNK2450ZM010,Naturehike,MATCH_EXPLICIT_220_MAPPING,29.0,29.0,False,NONE
CNK2550ZM015,6977465866936,25.0,25.0,6,24,CNK2550ZM015,Naturehike,MATCH_EXPLICIT_220_MAPPING,25.0,25.0,False,STORE
FMS-105,6971490127048,33.0,33.0,3,24,FMS-105,Firemaple,MATCH_EXPLICIT_220_MAPPING,32.0,33.0,False,STORE
FMSTARX2,6971490126225,67.0,67.0,3,24,FMSTARX2,Firemaple,MATCH_EXPLICIT_220_MAPPING,67.0,67.0,False,STORE
FMPUCSHII,6971490128014,60.0,60.0,3,24,FMPUCSHII,Firemaple,MATCH_EXPLICIT_220_MAPPING,60.0,60.0,False,STORE
FMPUP75,6942332000782,26.0,26.0,3,24,FMPUP75,Firemaple,MATCH_EXPLICIT_220_MAPPING,25.0,26.0,False,STORE
FMPRP8,6942332001451,24.0,24.0,3,24,FMPRP8,Firemaple,MATCH_EXPLICIT_220_MAPPING,22.0,24.0,False,STORE
