master_row,csv_line,vendor,title,sku,ean,phh_offer_id,phh_amount,csv_stock_before,production_stock_target,delta_vs_phh,resolve_reason,main,lowa,fjord
"304","2","Outfish","Fishing Shirt FHM Mark EVO UPF 50+ Sun Protection Print Blue","000053-0017-XS","4751043571381","1138081","9","9","6","-3","OK","6","0","0"
"306","372","Outfish","Tactical Shirt FHM Mark EVO UV Protection Orange/Grey Camouflage","000131-0030-XS","4751043570334","26527123","14","14","13","-1","OK","13","0","0"
"309","356","Outfish","Tactical Jersey Mark EVO UPF 50+ protection Green Camouflage","000131-0037-XS","4751043570495","26527043","5","5","14","9","OK","14","0","0"
"310","357","Outfish","Tactical Jersey Mark EVO UPF 50+ protection Green Camouflage","000131-0037-S","4751043570518","26527048","5","5","15","10","OK","15","0","0"
"407","1160","Outfish","Waders Outfish Ripple in Nightgreen Color","5OUTF001XL","4751043570243","377677628","0","0","1","1","OK","1","0","0"
"473","11","Outfish","Hoodie Wave No logo Light Grey","000056-0004-2XL","4751043572449","1145631","5","5","4","-1","OK","4","0","0"
"507","148","Outfish","Backpack FHM Urbanite blue","000088-0006","4751043570870","1667321","20","20","25","5","OK","25","0","0"
"508","34","Outfish","Zipped Hoodie Wave Blue","000057-0007-XS","4751043573064","1145796","2","2","1","-1","OK","1","0","0"
"510","36","Outfish","Zipped Hoodie Wave Grey","000057-0005-XS","4751043573248","1150871","2","2","1","-1","OK","1","0","0"
"512","432","Outfish","Zipped Hoodie Wave V2 Black","000122-0002-XS","4751043576483","29540238","5","5","4","-1","OK","4","0","0"
"514","440","Outfish","Zipped Hoodie Wave V2 Khaki","000122-0022-XS","4751043576322","29540318","4","4","3","-1","OK","3","0","0"
"515","441","Outfish","Zipped Hoodie Wave V2 Khaki","000122-0022-S","4751043576346","29540328","5","5","3","-2","OK","3","0","0"
"516","447","Outfish","Zipped Hoodie Wave V2 Khaki","000122-0022-4XL","4751043576469","29540388","0","0","1","1","OK","1","0","0"
"517","43","Outfish","Longsleeve Wave Khaki","000059-0022-XS","4751043574146","1309561","9","9","2","-7","OK","2","0","0"
"518","44","Outfish","Longsleeve Wave Khaki","000059-0022-S","4751043574160","1309786","2","2","4","2","OK","4","0","0"
"522","47","Outfish","Longsleeve Wave Khaki","000059-0022-3XL","4751043574269","1309611","9","9","5","-4","OK","5","0","0"
"557","38","Outfish","Sweatshirt Wave TH 100% Cotton Raglan Cut Light Grey","000058-0004-2XL","4751043573705","1309636","5","5","2","-3","OK","2","0","0"
"561","54","Outfish","Longsleeve Wave Terry Terracotta","000060-0025-XS","4751043574504","1309841","6","6","4","-2","OK","4","0","0"
"562","55","Outfish","Longsleeve Wave Terry Terracotta","000060-0025-S","4751043574528","1309741","4","4","3","-1","OK","3","0","0"
"566","59","Outfish","Longsleeve Wave Terry Terracotta","000060-0025-2XL","4751043574603","1309891","5","5","2","-3","OK","2","0","0"
"567","60","Outfish","Longsleeve Wave Terry Terracotta","000060-0025-3XL","4751043574627","1315091","9","9","10","1","OK","10","0","0"
"569","62","Outfish","Longsleeve Wave Terry Vinous","000060-0024-XS","4751043574689","1315056","4","4","6","2","OK","6","0","0"
"570","63","Outfish","Longsleeve Wave Terry Vinous","000060-0024-S","4751043574702","1310116","6","6","2","-4","OK","2","0","0"
"579","50","Outfish","Longsleeve Wave Terry Violet","000060-0026-S","4751043574344","1309751","5","5","4","-1","OK","4","0","0"
"583","51","Outfish","Longsleeve Wave Terry Violet","000060-0026-2XL","4751043574429","1309856","6","6","2","-4","OK","2","0","0"
"584","52","Outfish","Longsleeve Wave Terry Violet","000060-0026-3XL","4751043574443","1309781","2","2","1","-1","OK","1","0","0"
"632","107","Outfish","Shorts Wave Blue","000066-0006-S","4751043576867","4137511","0","0","2","2","OK","2","0","0"
"635","110","Outfish","Shorts Wave Blue","000066-0006-XL","4751043576928","4137541","0","0","2","2","OK","2","0","0"
"638","118","Outfish","Shorts Wave Light Grey","000066-0004-L","4751043577086","1310036","8","8","4","-4","OK","4","0","0"
"640","120","Outfish","Shorts Wave Light Grey","000066-0004-2XL","4751043577123","1310131","7","7","3","-4","OK","3","0","0"
"641","121","Outfish","Shorts Wave Light Grey","000066-0004-3XL","4751043577147","1315021","0","0","1","1","OK","1","0","0"
"646","137","Outfish","Shorts Wave TH Blue","000067-0006-XL","4751043577468","1160651","6","6","2","-4","OK","2","0","0"
"647","138","Outfish","Shorts Wave TH Blue","000067-0006-2XL","4751043577482","1160656","5","5","2","-3","OK","2","0","0"
"651","81","Outfish","Pants Wave Blue","000064-0006-M","4751043576348","1166726","0","0","3","3","OK","3","0","0"
"654","84","Outfish","Pants Wave Blue","000064-0006-2XL","4751043576409","1166671","0","0","7","7","OK","7","0","0"
"655","85","Outfish","Pants Wave Blue","000064-0006-3XL","4751043576423","1166661","0","0","1","1","OK","1","0","0"
"658","70","Outfish","Pants Wave Grey","000064-0005-XS","4751043576126","1315101","3","3","1","-2","OK","1","0","0"
"660","72","Outfish","Pants Wave Grey","000064-0005-M","4751043576164","1314986","0","0","3","3","OK","3","0","0"
"670","101","Outfish","Pants Wave Jogger Blue","000065-0006-XL","4751043576744","1310121","0","0","1","1","OK","1","0","0"
"671","102","Outfish","Pants Wave Jogger Blue","000065-0006-2XL","4751043576768","1310101","0","0","1","1","OK","1","0","0"
"686","798","Bushmen","Bushmen B-COVER Gear Slings (Mini-hammock for things + Backpack cover) 75g","BU BCvr /L","5902194521659","176228278","2","2","3","1","OK","3","0","0"
"687","572","Outfish","Wind protection wall FHM Pavillion Blue","000115-0006","4751043575745","33573028","20","20","6","-14","OK","6","0","0"
"688","571","Outfish","Wind protection wall with windows and zip FHM Pavillion Blue","000116-0006","4751043575769","33573018","10","10","4","-6","OK","4","0","0"
"689","573","Outfish","Mosquito net for tent FHM Pavillion","000114-0003","4751043575721","33573038","0","0","8","8","OK","8","0","0"
"690","574","Outfish","Connecter for tent Pavillion Grey","000117-0003","4751043575783","33691698","3","3","6","3","OK","6","0","0"
"691","837","GearAid","GearAid Iron-On Neoprene Repair Kit","16110-010","021563161106","194454070","5","5","4","-1","OK","4","0","0"
"693","840","GearAid","Tent Fabric Sealant Gear Aid Seam Grip TF 250ml","10607-012","021563106077","194454088","6","6","3","-3","OK","3","0","0"
"694","841","GearAid","Gear Aid Revivex water repellent spray 500 ml","36226-010","021563362268","194454094","20","21","3","-17","OK","3","0","0"
"695","842","Revivex","Gear Aid Revivex Pro Cleaner 250 ml","36295","021563362954","194454100","4","5","8","4","OK","8","0","0"
"719","717","Lowrance","Lowrance ELITE FS 7 Active Imaging 3-in-1","000-15689-001","9420064116911","88262608","0","0","1","1","OK","1","0","0"
"724","795","Bushmen","Bushmen Jungle Mosquito Net for Hammock 300g","BU JAHAMONET","5902194520836","176228269","0","0","1","1","OK","1","0","0"
"741","790","Lowa","Lowa Military Boots ZEPHYR MK2 GTX MID, Dark Brown","310854C33-44.5","4063606358513","155481022","0","0","1","1","OK","1","12","0"
"807","781","Lowa","Lowa tactical boots ZEPHYR MK2 GTX MID, Black","310854C31-42.5","4063606359084","155480995","0","0","1","1","OK","1","1","0"
"822","706","Thermowave","Thermowave 2 IN 1 Thermal Clothing Winter Underwear Longsleeve shirt","112IN1411-990XXL","4771999386906","85358728","2","2","1","-1","OK","1","0","0"
"834","570","Outfish","FHM Stream Softshell Waterproof Hat Beanie Grey","000141-0003-XL","4751043574196","32194513","5","5","2","-3","OK","2","0","0"
"840","834","Outfish","Fishing Cap Rapper Cotton Olive/Black","RAPCOOLNR","4751043570178","189217042","0","0","1","1","OK","1","0","0"
"841","1219","Outfish","Fishing Jacket Cuffs Outfish Neoprene","3OUTF001-M","4751043570021","399471701","13","13","27","14","OK","27","0","0"
"842","1220","Outfish","Fishing Jacket Cuffs Outfish Neoprene","3OUTF001-L","4751043570022","399471707","5","5","51","46","OK","51","0","0"
"843","1221","Outfish","Fishing Jacket Cuffs Outfish Neoprene","3OUTF001-XL","4751043570023","399471713","5","5","16","11","OK","16","0","0"
"880","874","Thermowave","Thermowave Warm Active Merino Base Layer Pants","12ACTI711-930S","4771999391108","227636843","4","4","2","-2","OK","2","0","0"
"881","875","Thermowave","Thermowave Warm Active Merino Base Layer Pants","12ACTI711-930M","4771999391115","227636855","4","4","3","-1","OK","3","0","0"
"882","876","Thermowave","Thermowave Warm Active Merino Base Layer Pants","12ACTI711-930L","4771999391122","227636867","4","0","1","-3","OK","1","0","0"
"883","877","Thermowave","Thermowave Warm Active Merino Base Layer Pants","12ACTI711-930XL","4771999391139","227636879","0","0","2","2","OK","2","0","0"
"884","878","Thermowave","Thermowave Warm Active Merino Base Layer Pants","12ACTI711-930XXL","4771999391146","227636891","4","4","2","-2","OK","2","0","0"
"886","810","Outfish","Phone holder Outfish","A64","4751043570213","184910017","4","4","1","-3","OK","1","0","0"
"888","691","Feelfree","Feelfree Uni-track V2 mounting system","KAT00485","8858687352194","75578728","0","0","4","4","OK","4","0","0"
"892","881","Thermowave","Thermowave Performance Discover Hiking Merino Wool Socks Mens","12KOJA101-991M","4771999412698","230569604","10","10","8","-2","OK","8","0","0"
"893","880","Thermowave","Thermowave Performance Discover Hiking Merino Wool Socks Mens","12KOJA101-991L","4771999412704","230569592","15","15","9","-6","OK","9","0","0"
"929","424","Outfish","FHM Pants Wave V2 Black","000127-0002-XS","4751043578883","29483078","6","6","5","-1","OK","5","0","0"
"998","666","Lowa","Military Boots Lowa Z 6N Gore Tex C, Black","LOWA3106842","4056264349016","57148344","1","1","0","-1","OK","0","11","0"
"1001","667","Lowa","Military Boots Lowa Z 6N Gore Tex C, Black","LOWA3106844","4056264349047","57148349","1","1","0","-1","OK","0","4","0"
"1009","708","Thermowave","Thermowave Originals Thermal Pants Men Black","12ORGN711-990S","4771999353106","87372633","2","2","1","-1","OK","1","0","0"
"1011","710","Thermowave","Thermowave Originals Thermal Pants Men Black","12ORGN711-990L","4771999353120","87372663","2","2","1","-1","OK","1","0","0"
"1012","711","Thermowave","Thermowave Originals Thermal Pants Men Black","12ORGN711-990XL","4771999353137","87372678","2","2","3","1","OK","3","0","0"
"1018","771","Thermowave","Thermowave Originals Longsleeve Base Layer Mens Black","12ORGN411-990XL","4771999255219","87513813","2","2","1","-1","OK","1","0","0"
"1019","772","Thermowave","Thermowave Originals Longsleeve Base Layer Mens Black","12ORGN411-990XXL","4771999255226","140161278","2","2","3","1","OK","3","0","0"
"1021","364","Outfish","Mark EVO V2 Fishing Shirt UV Protection UPF 50 Print Blue","000131-0036-XS","4751043570174","26527083","5","5","9","4","OK","9","0","0"
"1022","365","Outfish","Mark EVO V2 Fishing Shirt UV Protection UPF 50 Print Blue","000131-0036-S","4751043570198","26527088","5","5","15","10","OK","15","0","0"
"1033","888","Thermowave","Unisex MERINO BEANIE Thermowave","12HATM530-990LXL","4771999409162","238188707","0","0","3","3","OK","3","0","0"
"1121","891","Lowa","LOWA Shoe Clean","LW8308050111","4056264634099","234893777","10","10","6","-4","OK","6","0","0"
"1122","905","Lowa","LOWA Water Stop Pro shoe protector spray","8311080111","4063606550863","247880885","10","10","6","-4","OK","6","0","0"
"1140","894","Lowa","LOWA Socks 3-SEASON PRO - Outdoor socks Black","LOWALS40210999","4056264975888","234893795","2","2","4","2","OK","4","0","0"
"1141","895","Lowa","LOWA Socks 3-SEASON PRO - Outdoor socks Black","LOWALS40210941","4056264975895","234893801","2","2","5","3","OK","5","0","0"
"1220","934","Opinel","Opinel Picnic+set with fork, spoon, napkin","2501","3123840025013","276287159","4","4","1","-3","OK","1","0","0"
"1250","1382","Bushmen","Hammock Mosquito Net Bushmen Desert high-density mesh 300g","BU DEHAMONET blk","5902194520928","881517445","3","3","4","1","OK","4","0","0"
"1251","944","Bushmen","Bushmen Thermo Blanket / Thermo Ponco / hammock quilt 750g","BU THBKET olv","5902194521260","304098707","3","3","5","2","OK","5","0","0"
"1254","941","Outfish","Outfish Insect Shield UV Protection Hoodie UPF50+","4OUTF004-L","4751043570223","282422810","22","22","26","4","OK","26","0","0"
"1255","942","Outfish","Outfish Insect Shield UV Protection Hoodie UPF50+","4OUTF004-XL","4751043570224","282422816","20","20","29","9","OK","29","0","0"
"1290","1032","GearAid","GearAid Tenacious Tape Silnylon Patches","10670-010","0021563106701","330582368","4","4","6","2","OK","6","0","0"
"1307","1068","Humtto","Humtto UV sleeves to PROTECT ARMS UPF 50+","HB202013-3","6959740973541","348311723","2","2","1","-1","OK","1","0","0"
"1308","1044","Humtto","Humtto Lightweight women's sports jacket with DWR","17P700B-3M","6959740910206","338961830","0","0","1","1","OK","1","0","0"
"1330","1052","Bushmen","Ultralight Tarp Bushmen EASY Tarp 2×3  550g","BU EATARP2x3 gre","5902194521963","343764263","4","4","3","-1","OK","3","0","0"
"1331","1182","Samstrong","Gaiters Black with Velcro waterproof protection","1316221677","6168490791400","386446190","6","6","3","-3","OK","3","0","0"
"1332","1181","Lotu","Hiking Gaiters Zipper","7978555302","2550064785500","386446187","10","10","15","5","OK","15","0","0"
"1334","1064","Humtto","Humtto women Cargo joggers","17Q489B-1M","6959740910282","348311687","0","0","1","1","OK","1","0","0"
"1422","1061","Outfish","Portable Coffee Maker for Camping, Car, Boat Self-Heating","6OUTF005","4751043570246","347376908","52","52","21","-31","OK","21","0","0"
"1463","1090","Light My Fire","Fire Starter Light My Fire Bio Army Orange Firesteel Flint 50 g / 95 mm","2111010310","7331423011520","364456139","3","3","4","1","OK","4","0","0"
"1464","1089","Light My Fire","Fire Starter Light My Fire BIO Scout Orange Firesteel Flint 27 g / 77 mm","2111110310","7331423011476","364456133","3","3","5","2","OK","5","0","0"
"1480","899","Lowa","LOWA Socks 3-SEASON PRO Brown","LW402104-39.40","4056264987379","236668178","5","5","3","-2","OK","3","0","0"
"1481","900","Lowa","LOWA Socks 3-SEASON PRO Brown","LW402104-41.42","4056264987386","236668181","2","2","3","1","OK","3","0","0"
"1486","1114","Thermowave","Base Layer Shirt Thermowave Originals Women’s Black","12ORGN412-990S","4771999353175","373479446","4","4","1","-3","OK","1","0","0"
"1487","1115","Thermowave","Base Layer Shirt Thermowave Originals Women’s Black","12ORGN412-990M","4771999353182","373479458","4","4","3","-1","OK","3","0","0"
"1497","1118","Thermowave","Unisex Merino Double Sided Neck Tube green","11TUBM540-780","4771999388092","1012260921","4","4","1","-3","OK","1","0","0"
"1512","1105","Light My Fire","Fire Starter Light My Fire Bio Army brown Firesteel Flint 50 g / 95 mm","2111001210","7331423011513","369834227","4","4","1","-3","OK","1","0","0"
"1514","1104","Light My Fire","Light My Fire MyKit sagegreen","2410713110","7331423014064","369834221","4","4","1","-3","OK","1","0","0"
"1515","1103","Light My Fire","Light my Fire Spork","4222414610","7331423014590","369834215","4","4","3","-1","OK","3","0","0"
"1520","1143","Suited systems","Men's Thermal Shirt “Snow Shield” Extra Warm Black","A-00025.B.05.L","4751043570369","375876890","2","2","1","-1","OK","1","0","0"
"1521","1144","Suited systems","Men's Thermal Shirt “Snow Shield” Extra Warm Black","A-00025.B.06.XL","4751043570376","375876893","2","2","3","1","OK","3","0","0"
"1522","1145","Suited systems","Men's Thermal Shirt “Snow Shield” Extra Warm Black","A-00025.B.07.XXL","4751043570383","375876896","2","2","1","-1","OK","1","0","0"
"1527","1138","Suited systems","Snow Shield Extra Warm Long Thermo Underpants","A-00035.B.04.M","4751043570314","375876875","0","0","2","2","OK","2","0","0"
"1528","1139","Suited systems","Snow Shield Extra Warm Long Thermo Underpants","A-00035.B.05.L","4751043570321","375876878","0","0","1","1","OK","1","0","0"
"1529","1140","Suited systems","Snow Shield Extra Warm Long Thermo Underpants","A-00035.B.06.XL","4751043570338","375876881","0","0","3","3","OK","3","0","0"
"1560","910","Lowa","Tactical Boots Lowa ZEPHYR MK2 GTX MID TF, Wolf","310854C35-42.5","4063606358780","249944459","1","1","0","-1","OK","0","14","0"
"1585","1119","Thermowave","Thermal Pants Thermowave Merino Warm Active","12ACTI712-930XS","4771999391306","375235421","4","4","3","-1","OK","3","0","0"
"1586","1120","Thermowave","Thermal Pants Thermowave Merino Warm Active","12ACTI712-930S","4771999391313","375235433","0","0","3","3","OK","3","0","0"
"1587","1121","Thermowave","Thermal Pants Thermowave Merino Warm Active","12ACTI712-930M","4771999391320","383825477","0","0","3","3","OK","3","0","0"
"1589","1123","Thermowave","Thermal Pants Thermowave Merino Warm Active","12ACTI712-930XL","4771999391344","383825501","0","0","3","3","OK","3","0","0"
"1606","1164","Thermowave","Unisex Merino Headband grey","12BAND520-980","4771999431514","385182509","6","6","1","-5","OK","1","0","0"
"1607","1187","Brandit","Trigger 2 in 1 Gloves Black","BD7021BM","4051773188774","387991877","5","5","1","-4","OK","1","0","0"
"1609","1185","Brandit","Trigger 2 in 1 Gloves Olive","BD7021GM","4051773188750","387991871","5","5","1","-4","OK","1","0","0"
"1610","1186","Brandit","Trigger 2 in 1 Gloves Olive","BD7021GL","4051773188767","387991874","5","5","4","-1","OK","4","0","0"
"1614","1170","Urban Classics","Winter Hat Trapper","TB3870","4053838665381","385182527","0","0","2","2","OK","2","0","0"
"1615","1167","Urban Classics","Pom Beanie","TB6532","4065812535368","385182518","4","4","1","-3","OK","1","0","0"
"1631","1189","Outfish","Waterproof Socks Outfish 3-Layer Nylon Wool Membrane Black","OUTF406","4751043570406","387991883","1","1","9","8","OK","9","0","0"
"1632","1190","Outfish","Waterproof Socks Outfish 3-Layer Nylon Wool Membrane Black","OUTF413","4751043570413","387991886","0","0","3","3","OK","3","0","0"
"1633","1191","Outfish","Waterproof Socks Outfish 3-Layer Nylon Wool Membrane Black","OUTF420","4751043570420","387991889","0","0","13","13","OK","13","0","0"
"1651","1198","Dry Walker","Insulated EVA Boots Dry Walker X-Track Ultra EVA material","101-42B","5903707810703","409874393","2","2","3","1","OK","3","0","0"
"1652","1199","Dry Walker","Insulated EVA Boots Dry Walker X-Track Ultra EVA material","101-43B","5903707810710","409874399","3","0","2","-1","OK","2","0","0"
"1654","1201","Dry Walker","Insulated EVA Boots Dry Walker X-Track Ultra EVA material","101-45B","5903707810734","409874411","4","4","2","-2","OK","2","0","0"
"1655","1202","Dry Walker","Insulated EVA Boots Dry Walker X-Track Ultra EVA material","101-46B","5903707810741","409874417","4","4","2","-2","OK","2","0","0"
"1656","1203","Dry Walker","Insulated EVA Boots Dry Walker X-Track Ultra EVA material","101-47B","5903707810963","409874423","4","4","2","-2","OK","2","0","0"
"1671","1209","Dry Walker","Winter Rubber Boots Dry Walker S-TRACK  TURQUOISE","107-42T","5907670793810","409874459","2","2","1","-1","OK","1","0","0"
"1672","1210","Dry Walker","Women Winter Rubber Boots Dry Walker S-TRACK black EVA","107-36B","5907670793285","409874465","2","2","1","-1","OK","1","0","0"
"1675","1213","Dry Walker","Women Winter Rubber Boots Dry Walker S-TRACK black EVA","107-39B","5907670793209","409874483","2","0","1","-1","OK","1","0","0"
"1677","1215","Dry Walker","Women Winter Rubber Boots Dry Walker S-TRACK black EVA","107-41B","5907670793223","409874495","2","2","4","2","OK","4","0","0"
"1678","1216","Dry Walker","Women Winter Rubber Boots Dry Walker S-TRACK black EVA","107-42B","5907670793278","409874501","2","2","1","-1","OK","1","0","0"
"1721","1236","Humtto","Down Jacket Humtto Black with DWR Technology","47Y764B-3M","6959740912873","527818160","3","3","1","-2","OK","1","0","0"
"1741","1313","Humtto","HUMTTO TrailFlex Women's Hiking Boots","250460B3-38","6959740913765","564016493","3","3","1","-2","OK","1","0","0"
"1745","1308","Humtto","HUMTTO Women's Hiking Boots TrailGuard Light Grey","250290B5-37","6959740914600","527818295","3","3","1","-2","OK","1","0","0"
"1756","1275","Humtto","Women’s Softshell Trekking Pants Humtto Lavander","37Q464B-3L","6959740913294","520302335","2","2","1","-1","OK","1","0","0"
"1757","1276","Humtto","Women’s Softshell Trekking Pants Humtto Lavander","37Q464B-3XL","6959740913295","520302341","2","2","1","-1","OK","1","0","0"
"1759","1278","Humtto","Women’s Softshell Trekking Pants Humtto Lavander","37Q464B-33XL","6959740913297","520302353","0","0","3","3","OK","3","0","0"
"1761","1268","Humtto","Trekking Pants Humtto Women’s Softshell DWR Water-Repellent Black","37Q464B-1M","6959740913283","520302293","0","0","1","1","OK","1","0","0"
"1763","1270","Humtto","Trekking Pants Humtto Women’s Softshell DWR Water-Repellent Black","37Q464B-1XL","6959740913285","520302305","3","3","1","-2","OK","1","0","0"
"1764","1271","Humtto","Trekking Pants Humtto Women’s Softshell DWR Water-Repellent Black","37Q464B-12XL","6959740913286","520302311","0","0","2","2","OK","2","0","0"
"1775","1229","Brandit","Winter cap Brandit with insulated lining","BD7010","4051773133286","616189716","5","5","4","-1","OK","4","0","0"
"1787","1373","Bushmen","Tarp Bushmen Easy Tarp 4×3 850g","BUeasyTARP4x3 gre","5902194521970","858679303","3","3","5","2","OK","5","0","0"
"1804","1232","SIGG","Thermal Travel Mug SIGG Night Black 0.3L","6053.8","7630135605387","516877136","4","4","2","-2","OK","2","0","0"
"1810","1370","Bushmen","Bushmen Frontier Blanket / Thermal Ponco / Thermo Hammock Quilt 2 kg","BU FRBCO na","5902194522229","854199208","4","4","1","-3","OK","1","0","0"
"1863","1369","GearAid","Wetsuit Shampoo GearAid Revivex Wetsuit+Drysuit Shampoo","30122-014","21563301229","853392952","9","9","3","-6","OK","3","0","0"
"1869","1353","GearAid","GearAid Revivex Leather Waterproofing Gel 120 ml","36260","21563362602","1132497764","4","4","9","5","OK","9","0","0"
"1879","1580","GearAid","GearAid axe Balta Camp Grey","63040","0021563630404","1041162672","4","4","2","-2","OK","2","0","0"
"1887","1398","Grisport","Hiking Boots Grisport Andes waxed leather","15011D12t-43","4751087386043","914608874","2","2","1","-1","OK","1","0","0"
"1888","1399","Grisport","Hiking Boots Grisport Andes waxed leather","15011D12t-44","4751086384444","969120407","2","2","1","-1","OK","1","0","0"
"1889","1400","Grisport","Hiking Boots Grisport Andes waxed leather","15011D12t-45","4751087386045","969120410","2","2","1","-1","OK","1","0","0"
"1904","1396","Grisport","Hiking Boots Grisport Everest Nubuck Leather Waterproof Brown V69","10303D69G-45","4751088442745","917051498","0","0","1","1","OK","1","0","0"
"1906","1374","Bushmen","Ultralight 2 person Tent Bushmen CORE-Tent LODGER modular tarp-compatible shelter 1.2 kg","BUCOTELOcoy","5902194521673","858679312","3","3","1","-2","OK","1","0","0"
"1922","1425","Lowa","Trail Running Shoes Lowa Fortux QC GTX Black","fortux-gtx45","4063606787955","1085523516","1","1","0","-1","OK","0","12","0"
"1936","1462","Humtto","Men's Non-Slip Hiking Shoes Humtto Carbon Gray 160628A-5","160628A-546","4751160628546","953677595","2","2","1","-1","OK","1","0","0"
"1943","1447","Humtto","Men’s Breathable Hiking Shoes Humtto Black 160120A-2","160120A-243","4751160120243","941613080","0","0","1","1","OK","1","0","0"
"1949","1458","Humtto","Men’s Non-Slip Trail Running Shoes Humtto Army Green / Deep Rice 860714A-4","860714A-446","4751860714446","953677586","2","2","1","-1","OK","1","0","0"
"1955","1415","Humtto","Hiking Shoes Humtto Suede-style Leather Quick Spinon","160913B-438","4751160913438","921190802","2","2","1","-1","OK","1","0","0"
"1971","1420","Humtto","HUMTTO StoneGrip – Women’s Hiking Shoes Grey 150453B-2","150453B-240","4751150453240","924019181","2","2","1","-1","OK","1","0","0"
"2034","1371","Humtto","Water Filter Bottle 650 ml Blue","HB202415","6959740912569","854199214","14","14","3","-11","OK","3","0","0"
"2040","1356","Fjord Nansen","Backpacking Tent Fjord Nansen LIMA II / 3.2 kg tent","ss10398","5908221359943","793327632","3","3","2","-1","OK","2","0","0"
"2041","1359","Fjord Nansen","Fjord Nansen TORDIS II PTB 2.0 Tent 2 person","ss10347","5908221359974","793327644","0","0","1","1","OK","1","0","0"
"2042","1358","Fjord Nansen","Fjord Nansen Tent ANDY III / 4.1 kg 2-3 person","ss10395","5908221359950","793327641","3","3","2","-1","OK","2","0","0"
"2045","1360","Fjord Nansen","Winter Sleeping Bag Fjord Nansen STAVOY Envelope with Hood 1°C / 2150g","ss2030","5908221344192","789522093","3","3","1","-2","OK","1","0","0"
"2050","1365","Fjord Nansen","JACON TITANIUM SET, 2 items","ss5504","5908221349944","821048754","4","4","1","-3","OK","1","0","0"
"2053","1437","Fjord Nansen","A pair of Fjord Nansen GRAVEL 2.0 Trekking poles","ss9209","5908221358533","928656944","3","3","0","-3","OK","0","0","0"
"2056","1576","Fjord Nansen","JACON TITANIUM LONG SPOON","ss10343","5908221360086","1040390262","0","0","3","3","OK","3","0","0"
"2060","1362","Fjord Nansen","Camping Mattress Fjord Nansen TREKKER NG 400 g r-Value 1.6","1008066","5908221349814","805695153","4","4","2","-2","OK","2","0","0"
"2078","1380","Bushmen","Camping Mat Bushmen RADICAL Alu dark camo","BUALUMATXL","5902194521703","881541739","15","15","5","-10","OK","5","0","0"
"2094","1577","Fjord Nansen","Winter sleeping bag Fjord Nansen HADSEL MID RIGHT  -8°C / 1700g / 198 cm","ss9485","5908221358298","1040390268","4","4","2","-2","OK","2","0","3"
"2096","1436","Fjord Nansen","Fjord Nansen PROFI LINER sheet 265g","ss6106","5908221350094","928378511","4","4","1","-3","OK","1","0","0"
"2108","1433","Fjord Nansen","Quick-drying towel TRAMP L 160g / 120x60cm","kj0358","5908221339006","928392116","5","5","1","-4","OK","1","0","0"
"2110","1409","Fjord Nansen","Waterproof Backpack Fjord Nansen Adventure 500D Reinforced PVC  23L","ss8923","5908221357314","918387206","4","4","3","-1","OK","3","0","0"
"2111","1410","Fjord Nansen","HIP BAG 3L Waterproof Hip Bag","ss8925","5908221357529","918959768","4","4","6","2","OK","6","0","0"
"2122","1544","Light My Fire","Light My Fire MyCup`n Lid Short 4-pack nature","2459511615","7331423013517","1014283212","4","4","3","-1","OK","3","0","0"
"2142","1405","Soto","Cooking Set SOTO Navigator Cook Set SOD-501 anodized aluminum 480 g","SOTO SOD-501","4953571295008","918356822","2","2","1","-1","OK","1","0","0"
"2146","1428","Fjord Nansen","Fjord Nansen BODO 40 L backpack","ss1873","5908221344314","927904088","3","3","1","-2","OK","1","0","6"
"2149","1430","Fjord Nansen","VARDO MID sleeping bag 8°C / 880g / 198 cm","ss4303","5908221347827","927909686","4","4","2","-2","OK","2","0","0"
"2153","1432","Fjord Nansen","Quick-Drying Ultralight Towel Fjord Nansen Tramp 120 x 60 cm","S2081","5908221339020","928067303","5","5","4","-1","OK","4","0","0"
"2157","1435","Fjord Nansen","Thermal Bottle with Straw Fjord Nansen Kaldi Stainless Steel 650 ml Khaki","ss11498g","5908221360901","951223715","3","3","2","-1","OK","2","0","0"
"2158","1434","Fjord Nansen","Thermal Bottle with Straw Fjord Nansen Kaldi Stainless Steel 650 ml orange","ss11499o","5908221360895","928218194","3","3","0","-3","NOT_ACTIVE","","",""
"2186","1465","Alpina","Hiking Boots Alpina Performance black/red","694F-2B45","3838405052914","950178047","3","3","1","-2","OK","1","0","0"
"2187","1466","Alpina","Hiking Boots Alpina Performance black/red","694F-2B46","3838405052921","950178050","3","3","1","-2","OK","1","0","0"
"2194","1467","Alpina","Women's Hiking Shoes Alpina Lin 24 leather","622F-3K38","3838405339671","950540897","3","3","1","-2","OK","1","0","0"
"2197","1470","Alpina","Women's Hiking Shoes Alpina Lin 24 leather","622F-3K39","3838405339688","950542517","3","3","1","-2","OK","1","0","0"
"2198","1471","Alpina","Hiking Shoes Alpina PRIMA LOW 2.0 Black","631D-1B37.5","3838405055229","950739080","3","3","1","-2","OK","1","0","0"
"2199","1472","Alpina","Hiking Shoes Alpina PRIMA LOW 2.0 Black","631D-1B38","3838405055236","950801711","3","3","1","-2","OK","1","0","0"
"2201","1474","Alpina","Hiking Shoes Alpina PRIMA LOW 2.0 Black","631D-1B39.5","3838405055250","950801717","3","3","1","-2","OK","1","0","0"
"2246","1478","Grisport","Hiking Boots Grisport leather upper","14801tv50tn-38","4038280073638","969450413","3","3","1","-2","OK","1","0","0"
"2247","1479","Grisport","Hiking Boots Grisport leather upper","14801tv50tn-39","4038280073639","969561698","3","3","1","-2","OK","1","0","0"
"2249","1481","Grisport","Hiking Boots Grisport leather upper","14801tv50tn-41","4038280073641","969561704","3","3","1","-2","OK","1","0","0"
"2251","1476","Grisport","Women Trekking Shoes Grisport nubuk","14903N13G-39","4038247633855","969561692","3","3","1","-2","OK","1","0","0"
"2254","1487","Grisport","Hiking Boots Grisport Soletta leather upper Black","14801v51G-41","8601000011908","969470828","3","3","1","-2","OK","1","0","0"
"2255","1488","Grisport","Hiking Boots Grisport Soletta leather upper Black","14801v51G-42","8601000011915","969561722","3","3","1","-2","OK","1","0","0"
"2271","1533","Fjord Nansen","Fjord Nansen  RIFFE WOMEN Leggings","ss8688XS","5908221356089","1001292684","3","3","2","-1","OK","2","0","0"
"2272","1534","Fjord Nansen","Fjord Nansen  RIFFE WOMEN Leggings","ss8688S-M","5908221356096","1014283200","3","3","1","-2","OK","1","0","0"
"2273","1535","Fjord Nansen","Fjord Nansen  RIFFE WOMEN Leggings","ss8688L-XL","5908221356102","1014283203","3","3","2","-1","OK","2","0","0"
"2274","1532","Fjord Nansen","HYGGE BEANIE Cap beige","ss10747/mw","5908221360574","1001284605","3","3","2","-1","OK","2","0","0"
"2276","1530","Fjord Nansen","HYGGE BEANIE Cap black","ss10748/mw","5908221360550","1001267328","3","3","2","-1","OK","2","0","0"
"2277","1529","Fjord Nansen","HYGGE BEANIE Cap burgundy","ss10749/mw","5908221360567","1001266986","3","3","1","-2","OK","1","0","0"
"2278","1528","Fjord Nansen","LIGHT MERINOULL BEANIE Hat black","ss10755/mw","5908221360512","1001265879","3","3","1","-2","OK","1","0","0"
"2363","1542","Thermowave","Unisex's Merino Gloves black","14GLVM810-990SM","4771999431378","1009704504","3","3","1","-2","OK","1","0","0"
"2364","1543","Thermowave","Unisex's Merino Gloves black","14GLVM810-990LXL","4771999431385","1014283206","3","3","2","-1","OK","2","0","0"
"2366","1515","ARA","Loafers ARA Lisbon, darkblue","B09ZK59GQ1","4030219324389","998877696","8","8","4","-4","OK","4","0","0"
"2368","1516","Apache","Safety Boots Apache brown leather 43 size","B0776XMDTS","5055338415748","999199770","0","0","1","1","OK","1","0","0"
"2376","1623","Mammut","Mammut Women's Nova III Mid GTX Trekking & Hiking Shoes","B0797YY6VL","7613357209885","1056185523","4","4","1","-3","OK","1","0","0"
"2377","1622","Mammut","Mammut Nova Tour II High GTX Women 38 2/3","B07MCD1Q4R","7613357453288","1056090672","4","4","1","-3","OK","1","0","0"
"2378","1522","Mil-Tec","Mil-Tec US Speed Lace Desert Combat Boots khaki","B004OU61Q4","4046872162084","1000026975","3","3","1","-2","OK","1","0","0"
"2380","1524","Mil-Tec","Mil-Tec US Speed Lace Desert Combat Boots khaki","B004OUEMFQ","4046872162114","1000030560","3","3","1","-2","OK","1","0","0"
"2385","1520","Mil-Tec","Mil-Tec Normani Outdoor Sports Tactical Boot grey","B071DR6J3F","4046872383892","1000013058","3","3","1","-2","OK","1","0","0"
"2402","1499","Grisport","Hiking Boots Grisport Waterproof Black","14717A5tn-39","4751887890139","1001292654","3","3","2","-1","OK","2","0","0"
"2405","1492","Grisport","Trekking Boots Grisport Blue Nubuck","13711S49tn-37","4751887877437","985032608","3","3","1","-2","OK","1","0","0"
"2406","1493","Grisport","Trekking Boots Grisport Blue Nubuck","13711S49tn-38","4751887877438","985154729","3","3","2","-1","OK","2","0","0"
"2407","1494","Grisport","Trekking Boots Grisport Blue Nubuck","13711S49tn-39","4751887877439","985154732","3","3","1","-2","OK","1","0","0"
"2408","1495","Grisport","Trekking Boots Grisport Blue Nubuck","13711S49tn-40","4751887877440","985154735","3","3","1","-2","OK","1","0","0"
"2410","1510","Grisport","Hunting Boots Grisport Dakar Black Leather Winter Boots","11601o77tn-41","4751887506341","998785640","3","3","2","-1","OK","2","0","0"
"2411","1511","Grisport","Hunting Boots Grisport Dakar Black Leather Winter Boots","11601o77tn-42","4751887506342","1001292669","3","3","2","-1","OK","2","0","0"
"2412","1512","Grisport","Hunting Boots Grisport Dakar Black Leather Winter Boots","11601o77tn-43","4751887506343","1001292672","3","3","1","-2","OK","1","0","0"
"2413","1513","Grisport","Hunting Boots Grisport Dakar Black Leather Winter Boots","11601o77tn-44","4751887506344","1001292675","3","3","2","-1","OK","2","0","0"
"2414","1514","Grisport","Hunting Boots Grisport Dakar Black Leather Winter Boots","11601o77tn-45","4751887506345","1001292678","3","3","1","-2","OK","1","0","0"
"2467","1573","Fjord Nansen","Down sleeping bag Fjord Nansen NORDKAPP 300 XL RIGHT -1°C / 700 g 225 cm","ss9086","5908221358663","1039534578","4","4","1","-3","OK","1","0","0"
"2468","1587","Humtto","Waterproof Down Jacket Humtto Women 2-in-1 Black","46C138B-3-M","6959740912835","1041162705","4","4","2","-2","OK","2","0","0"
"2469","1588","Humtto","Waterproof Down Jacket Humtto Women 2-in-1 Black","46C138B-3L","6959740912836","1050692529","4","4","1","-3","OK","1","0","0"
"2470","1589","Humtto","Waterproof Down Jacket Humtto Women 2-in-1 Black","46C138B-32XL","6959740912837","1050692535","4","4","1","-3","OK","1","0","0"
"2472","1591","Humtto","Waterproof Down Jacket Humtto Women 2-in-1 Black","46C138B-34XL","6959740912839","1050692547","4","4","1","-3","OK","1","0","0"
"2474","1583","Humtto","Waterproof Humtto Jacket 2 in 1 Black/White","37C132B-1L","6959740914836","1041162690","0","0","2","2","OK","2","0","0"
"2478","1586","Humtto","Waterproof Humtto Jacket 2 in 1 Black/White","37C132B-14XL","6959740914839","1055364993","0","0","2","2","OK","2","0","0"
"2497","1592","Humtto","Softshell Jacket Humtto Black Water resistant DWR","38J109B-1M","6959740919605","1050692553","4","4","2","-2","OK","2","0","0"
"2498","1593","Humtto","Softshell Jacket Humtto Black Water resistant DWR","38J109B-1L","6959740919606","1050692559","4","4","1","-3","OK","1","0","0"
"2499","1594","Humtto","Softshell Jacket Humtto Black Water resistant DWR","38J109B-1XL","6959740919607","1050692565","4","4","2","-2","OK","2","0","0"
"2500","1595","Humtto","Softshell Jacket Humtto Black Water resistant DWR","38J109B-12XL","6959740919608","1050692571","4","4","2","-2","OK","2","0","0"
"2501","1596","Humtto","Softshell Jacket Humtto Black Water resistant DWR","38J109B-13XL","6959740919609","1050692577","4","4","2","-2","OK","2","0","0"
"2558","1527","Fjord Nansen","FALL 200 fleece cap Unisex","ss5613LXL","5908221350131","1008590964","3","3","1","-2","OK","1","0","0"
"2572","1548","Comodo","Alpaca merino wool light hiker socks pink","STAL/02/35-38","5903282603332","1021962285","0","0","10","10","OK","10","0","0"
"2573","1549","Comodo","Alpaca merino wool light hiker socks pink","STAL/02/39-42","5903282603349","1029610281","0","0","10","10","OK","10","0","0"
"2578","1556","Comodo","Comodo Lightweight Alpaca Hiking Socks orange","STAL/12/35-38","5903282622760","1038799692","4","4","10","6","OK","10","0","0"
"2579","1557","Comodo","Comodo Lightweight Alpaca Hiking Socks orange","STAL/12/39-42","5903282622777","1041162624","0","0","10","10","OK","10","0","0"
"2585","1561","Comodo","Comodo Merino wool Hiker mountains socks khaki","TRE12/03/35-38","5903282604933","1039160103","4","4","14","10","OK","14","0","0"
"2586","1562","Comodo","Comodo Merino wool Hiker mountains socks khaki","TRE12/03/39-42","5903282604940","1041162633","4","4","11","7","OK","11","0","0"
"2587","1563","Comodo","Comodo Merino wool Hiker mountains socks khaki","TRE12/03/43-46","5903282604957","1041162636","0","0","10","10","OK","10","0","0"
"2588","1620","Nalgene","Nalgene water bottle 1L Trout w/Landscape Forest","682023-0218","661195006262","1136555483","4","4","1","-3","OK","1","0","0"
"2590","1547","Nalgene","Nalgene 1L water bottle WM Odyssey Gray w/ Moonse","682023-0217","661195005791","1014169443","4","4","2","-2","OK","2","0","0"
"2592","1581","GearAid","GearAid Seam Grip+WP Waterproof Sealant&Adhesive","11541-013","0021563115413","1041162678","4","4","1","-3","OK","1","0","0"
"2595","1570","Fjord Nansen","Merino Ski Socks with Kevlar","ss949835-38","5908221358502","1039160157","4","4","2","-2","OK","2","0","0"
"2596","1571","Fjord Nansen","Merino Ski Socks with Kevlar","ss949839-42","5908221358519","1041162645","4","4","1","-3","OK","1","0","0"
"2597","1572","Fjord Nansen","Merino Ski Socks with Kevlar","ss949843-46","5908221358526","1041162648","4","4","1","-3","OK","1","0","0"
"2601","1574","Fjord Nansen","ARLA Passport Bag","ss10320","5908221360055","1040390250","4","4","1","-3","OK","1","0","0"
"2602","1575","Fjord Nansen","Travel Pouch STORD 2 Ripstop Under-Clothing Document Security Black","ss10353","5908221360062","1040390256","4","4","0","-4","OK","0","0","0"
"2724","1564","Comodo","Hiking Socks Comodo Merino Wool khaki","TRE18/11/35-38","5903282627956","1039160115","4","4","11","7","OK","11","0","0"
"2725","1565","Comodo","Hiking Socks Comodo Merino Wool khaki","TRE18/11/39-42","5903282627963","1039160127","0","0","11","11","OK","11","0","0"
"2726","1566","Comodo","Hiking Socks Comodo Merino Wool khaki","TRE18/11/43-46","5903282627970","1039160139","4","4","5","1","OK","5","0","0"
"2727","1618","Nalgene","1L Nalgene bottle Botanical FernsSustain","682023-0212","661195005746","1055745705","4","4","0","-4","OK","0","0","0"
"2763","1554","Beagles","Waterproof Laptop Backpack Beagles Rolltop 15.6 Inch Olive Ryanair Cabin","21263029","8720673084535","1037643657","4","4","2","-2","OK","2","0","0"
"2764","1553","Beagles","Ryanair Cabin Backpack Beagles Bando Compact Black","24219001","8720673193756","1037643651","4","4","3","-1","OK","3","0","0"
"2766","1555","Beagles","Waterproof Notebook Backpack Beagles Rolltop Ryanair Cabin Grey","25268012","8720673070385","1037643663","4","4","3","-1","OK","3","0","0"
"2767","1551","Beagles","Waterproof rolltop Beagles Originals Multicolor Backpack 15,6 inch (34.5x19.4 cm)","21179034","8720673186086","1036913592","4","4","2","-2","OK","2","0","0"
"2790","1582","Gear Aid","GearAid Tenacious Tape Flex Patches","10800","0021563108002","1041162684","4","4","5","1","OK","5","0","0"
"2793","1401","Grisport","Hiking Boots Grisport Canyon waxed leather","15203D44G-44","4751035665301","914624522","2","2","1","-1","OK","1","0","0"
"2796","1597","Grisport","Hiking Boots Grisport Nubuck Vibram Sole Waterproof Black","14409 N43tn-37","4751887887137","1043127882","4","4","2","-2","OK","2","0","0"
"2797","1598","Grisport","Hiking Boots Grisport Nubuck Vibram Sole Waterproof Black","14409 N43tn-38","4751887887138","1050490539","4","4","3","-1","OK","3","0","0"
"2798","1599","Grisport","Hiking Boots Grisport Nubuck Vibram Sole Waterproof Black","14409 N43tn-39","4751887887139","1050490542","4","4","3","-1","OK","3","0","0"
"2799","1600","Grisport","Hiking Boots Grisport Nubuck Vibram Sole Waterproof Black","14409 N43tn-40","4751887887140","1050490545","4","4","1","-3","OK","1","0","0"
"2801","1602","Grisport","Hiking Boots Grisport Cordura and Nubuck Leather Waterproof Brown","14411 S18tn-37","4751887510637","1050490554","4","4","2","-2","OK","2","0","0"
"2802","1603","Grisport","Hiking Boots Grisport Cordura and Nubuck Leather Waterproof Brown","14411 S18tn-38","4751887510638","1052553555","4","4","2","-2","OK","2","0","0"
"2803","1604","Grisport","Hiking Boots Grisport Cordura and Nubuck Leather Waterproof Brown","14411 S18tn-39","4751887510639","1052553558","4","4","3","-1","OK","3","0","0"
"2804","1605","Grisport","Hiking Boots Grisport Cordura and Nubuck Leather Waterproof Brown","14411 S18tn-40","4751887510640","1052553561","4","4","2","-2","OK","2","0","0"
"2805","1606","Grisport","Hiking Boots Grisport Cordura and Nubuck Leather Waterproof Brown","14411 S18tn-41","4751887510641","1052553564","4","4","2","-2","OK","2","0","0"
"2806","1612","Grisport","Low Hiking Boots Grisport Nubuck Leather Vibram Sole Waterproof Green","14901 S50tn-41","4751887503541","1050490590","4","4","2","-2","OK","2","0","0"
"2807","1613","Grisport","Low Hiking Boots Grisport Nubuck Leather Vibram Sole Waterproof Green","14901 S50tn-42","4751887503542","1052553579","4","4","2","-2","OK","2","0","0"
"2808","1614","Grisport","Low Hiking Boots Grisport Nubuck Leather Vibram Sole Waterproof Green","14901 S50tn-43","4751887503543","1052553582","4","4","1","-3","OK","1","0","0"
"2809","1615","Grisport","Low Hiking Boots Grisport Nubuck Leather Vibram Sole Waterproof Green","14901 S50tn-44","4751887503544","1052553585","4","4","1","-3","OK","1","0","0"
"2810","1616","Grisport","Low Hiking Boots Grisport Nubuck Leather Vibram Sole Waterproof Green","14901 S50tn-45","4751887503545","1052553588","4","4","2","-2","OK","2","0","0"
"2811","1607","Grisport","Hiking Boots Grisport Delta Low breathable 3D Air lining Black","44427 V82tn-37","4751888308237","1050490572","4","4","1","-3","OK","1","0","0"
"2813","1609","Grisport","Hiking Boots Grisport Delta Low breathable 3D Air lining Black","44427 V82tn-39","4751888308239","1052553570","4","4","3","-1","OK","3","0","0"
"2815","1611","Grisport","Hiking Boots Grisport Delta Low breathable 3D Air lining Black","44427 V82tn-41","4751888308241","1052553576","4","4","1","-3","OK","1","0","0"
"2947","1628","Beagles","Beagles Kyoto underseat hand luggage  Backpack black","24216001","8720673177435","1079166984","5","5","3","-2","OK","3","0","0"
"3135","1666","Firemaple","Camping Gas Stove Fire-Maple FMS-105 3000W","FMS-105","6971490127048","1108974524","5","5","2","-3","OK","2","0","0"
"3136","1667","Firemaple","Integrated Camp Stove Set Fire-Maple FM Star X2 2200 W, 1 L, Orange","FMSTARX2","6971490126225","1115464037","5","5","3","-2","OK","3","0","0"
"3137","1668","Firemaple","Ultralight Cooking System Fire-Maple Petrel 600 ml","FMPUCSHII","6971490128014","1109533091","5","5","1","-4","OK","1","0","0"
"3138","1669","Firemaple","Ultralight Backpacking Pot Fire-Maple Petrel 750 ml","FMPUP75","6942332000782","1108974542","4","5","1","-3","OK","1","0","0"
"3139","1670","Firemaple","Ramen Pot Fire-Maple Petrel 800 ml","FMPRP8","6942332001451","1109211458","5","5","3","-2","OK","3","0","0"