row,vendor,title,shopify_sku,220_sku,220_ean,shopify_variant_id,phh_offer_id,phh_status,phh_amount,shopify_inventory,proposed_amount,delta,state
"304","Outfish","Fishing Shirt FHM Mark EVO UPF 50+ Sun Protection Print Blue","000053-0017-XS","000053-0017-XS","4751043571381","gid://shopify/ProductVariant/46930124112210","1138081","active","9","6","6","-3","READY_STOCK_UPDATE"
"306","Outfish","Tactical Shirt FHM Mark EVO UV Protection Orange/Grey Camouflage","000131-0030-XS","000131-0030-XS","4751043570334","gid://shopify/ProductVariant/46930198757714","26527123","active","14","13","13","-1","READY_STOCK_UPDATE"
"309","Outfish","Tactical Jersey Mark EVO UPF 50+ protection Green Camouflage","000131-0037-XS","000131-0037-XS","4751043570495","gid://shopify/ProductVariant/46930221334866","26527043","active","5","14","14","9","READY_STOCK_UPDATE"
"310","Outfish","Tactical Jersey Mark EVO UPF 50+ protection Green Camouflage","000131-0037-S","000131-0037-S","4751043570518","gid://shopify/ProductVariant/46930221367634","26527048","active","5","15","15","10","READY_STOCK_UPDATE"
"407","Outfish","Waders Outfish Ripple in Nightgreen Color","5OUTF001XL","5OUTF001XL","4751043570243","gid://shopify/ProductVariant/49424350642514","377677628","active","0","1","1","1","READY_STOCK_UPDATE"
"408","Outfish","Waders Outfish Ripple in Nightgreen Color","5OUTF0012XL","5OUTF0012XL","4751043570244","gid://shopify/ProductVariant/49424350675282","377677637","active","0","-1","","-1","BLOCKED_NEGATIVE_SHOPIFY_INVENTORY"
"473","Outfish","Hoodie Wave No logo Light Grey","000056-0004-2XL","000056-0004-2XL","4751043572449","gid://shopify/ProductVariant/46940642476370","1145631","active","5","4","4","-1","READY_STOCK_UPDATE"
"507","Outfish","Backpack FHM Urbanite blue","000088-0006","000088-0006","4751043570870","gid://shopify/ProductVariant/46941324443986","1667321","active","20","25","25","5","READY_STOCK_UPDATE"
"508","Outfish","Zipped Hoodie Wave Blue","000057-0007-XS","000057-0007-XS","4751043573064","gid://shopify/ProductVariant/46944644989266","1145796","active","2","1","1","-1","READY_STOCK_UPDATE"
"510","Outfish","Zipped Hoodie Wave Grey","000057-0005-XS","000057-0005-XS","4751043573248","gid://shopify/ProductVariant/46944652755282","1150871","active","2","1","1","-1","READY_STOCK_UPDATE"
"512","Outfish","Zipped Hoodie Wave V2 Black","000122-0002-XS","000122-0002-XS","4751043576483","gid://shopify/ProductVariant/46944804831570","29540238","active","5","4","4","-1","READY_STOCK_UPDATE"
"514","Outfish","Zipped Hoodie Wave V2 Khaki","000122-0022-XS","000122-0022-XS","4751043576322","gid://shopify/ProductVariant/46944899531090","29540318","active","4","3","3","-1","READY_STOCK_UPDATE"
"515","Outfish","Zipped Hoodie Wave V2 Khaki","000122-0022-S","000122-0022-S","4751043576346","gid://shopify/ProductVariant/46944899563858","29540328","active","5","3","3","-2","READY_STOCK_UPDATE"
"516","Outfish","Zipped Hoodie Wave V2 Khaki","000122-0022-4XL","000122-0022-4XL","4751043576469","gid://shopify/ProductVariant/46944899760466","29540388","active","0","1","1","1","READY_STOCK_UPDATE"
"517","Outfish","Longsleeve Wave Khaki","000059-0022-XS","000059-0022-XS","4751043574146","gid://shopify/ProductVariant/46945098924370","1309561","active","9","2","2","-7","READY_STOCK_UPDATE"
"518","Outfish","Longsleeve Wave Khaki","000059-0022-S","000059-0022-S","4751043574160","gid://shopify/ProductVariant/46945099219282","1309786","active","2","4","4","2","READY_STOCK_UPDATE"
"522","Outfish","Longsleeve Wave Khaki","000059-0022-3XL","000059-0022-3XL","4751043574269","gid://shopify/ProductVariant/46945099383122","1309611","active","9","5","5","-4","READY_STOCK_UPDATE"
"557","Outfish","Sweatshirt Wave TH 100% Cotton Raglan Cut Light Grey","000058-0004-2XL","000058-0004-2XL","4751043573705","gid://shopify/ProductVariant/46945128546642","1309636","active","5","2","2","-3","READY_STOCK_UPDATE"
"561","Outfish","Longsleeve Wave Terry Terracotta","000060-0025-XS","000060-0025-XS","4751043574504","gid://shopify/ProductVariant/46947232022866","1309841","active","6","4","4","-2","READY_STOCK_UPDATE"
"562","Outfish","Longsleeve Wave Terry Terracotta","000060-0025-S","000060-0025-S","4751043574528","gid://shopify/ProductVariant/46947232088402","1309741","active","4","3","3","-1","READY_STOCK_UPDATE"
"566","Outfish","Longsleeve Wave Terry Terracotta","000060-0025-2XL","000060-0025-2XL","4751043574603","gid://shopify/ProductVariant/46947232219474","1309891","active","5","2","2","-3","READY_STOCK_UPDATE"
"567","Outfish","Longsleeve Wave Terry Terracotta","000060-0025-3XL","000060-0025-3XL","4751043574627","gid://shopify/ProductVariant/46947232252242","1315091","active","9","10","10","1","READY_STOCK_UPDATE"
"569","Outfish","Longsleeve Wave Terry Vinous","000060-0024-XS","000060-0024-XS","4751043574689","gid://shopify/ProductVariant/46947233661266","1315056","active","4","6","6","2","READY_STOCK_UPDATE"
"570","Outfish","Longsleeve Wave Terry Vinous","000060-0024-S","000060-0024-S","4751043574702","gid://shopify/ProductVariant/46947233694034","1310116","active","6","2","2","-4","READY_STOCK_UPDATE"
"579","Outfish","Longsleeve Wave Terry Violet","000060-0026-S","000060-0026-S","4751043574344","gid://shopify/ProductVariant/46947247128914","1309751","active","5","4","4","-1","READY_STOCK_UPDATE"
"583","Outfish","Longsleeve Wave Terry Violet","000060-0026-2XL","000060-0026-2XL","4751043574429","gid://shopify/ProductVariant/46947247227218","1309856","active","6","2","2","-4","READY_STOCK_UPDATE"
"584","Outfish","Longsleeve Wave Terry Violet","000060-0026-3XL","000060-0026-3XL","4751043574443","gid://shopify/ProductVariant/46947247259986","1309781","active","2","1","1","-1","READY_STOCK_UPDATE"
"632","Outfish","Shorts Wave Blue","000066-0006-S","000066-0006-S","4751043576867","gid://shopify/ProductVariant/46947869098322","4137511","active","0","2","2","2","READY_STOCK_UPDATE"
"635","Outfish","Shorts Wave Blue","000066-0006-XL","000066-0006-XL","4751043576928","gid://shopify/ProductVariant/46947869196626","4137541","active","0","2","2","2","READY_STOCK_UPDATE"
"638","Outfish","Shorts Wave Light Grey","000066-0004-L","000066-0004-L","4751043577086","gid://shopify/ProductVariant/46947869589842","1310036","active","8","4","4","-4","READY_STOCK_UPDATE"
"640","Outfish","Shorts Wave Light Grey","000066-0004-2XL","000066-0004-2XL","4751043577123","gid://shopify/ProductVariant/46947869655378","1310131","active","7","3","3","-4","READY_STOCK_UPDATE"
"641","Outfish","Shorts Wave Light Grey","000066-0004-3XL","000066-0004-3XL","4751043577147","gid://shopify/ProductVariant/46947869688146","1315021","active","0","1","1","1","READY_STOCK_UPDATE"
"646","Outfish","Shorts Wave TH Blue","000067-0006-XL","000067-0006-XL","4751043577468","gid://shopify/ProductVariant/46947874636114","1160651","active","6","2","2","-4","READY_STOCK_UPDATE"
"647","Outfish","Shorts Wave TH Blue","000067-0006-2XL","000067-0006-2XL","4751043577482","gid://shopify/ProductVariant/46947874668882","1160656","active","5","2","2","-3","READY_STOCK_UPDATE"
"651","Outfish","Pants Wave Blue","000064-0006-M","000064-0006-M","4751043576348","gid://shopify/ProductVariant/46947923886418","1166726","active","0","3","3","3","READY_STOCK_UPDATE"
"653","Outfish","Pants Wave Blue","000064-0006-XL","000064-0006-XL","4751043576386","gid://shopify/ProductVariant/46947923951954","1166691","active","0","-1","","-1","BLOCKED_NEGATIVE_SHOPIFY_INVENTORY"
"654","Outfish","Pants Wave Blue","000064-0006-2XL","000064-0006-2XL","4751043576409","gid://shopify/ProductVariant/46947923984722","1166671","active","0","7","7","7","READY_STOCK_UPDATE"
"655","Outfish","Pants Wave Blue","000064-0006-3XL","000064-0006-3XL","4751043576423","gid://shopify/ProductVariant/46947924017490","1166661","active","0","1","1","1","READY_STOCK_UPDATE"
"657","Outfish","Pants Wave Blue","000064-0006-5XL","000064-0006-5XL","4751043576461","gid://shopify/ProductVariant/46947924083026","1166686","reset","0","0","","0","BLOCKED_PHH_OFFER_NOT_ACTIVE"
"658","Outfish","Pants Wave Grey","000064-0005-XS","000064-0005-XS","4751043576126","gid://shopify/ProductVariant/46947924967762","1315101","active","3","1","1","-2","READY_STOCK_UPDATE"
"660","Outfish","Pants Wave Grey","000064-0005-M","000064-0005-M","4751043576164","gid://shopify/ProductVariant/46947925033298","1314986","active","0","3","3","3","READY_STOCK_UPDATE"
"670","Outfish","Pants Wave Jogger Blue","000065-0006-XL","000065-0006-XL","4751043576744","gid://shopify/ProductVariant/46947942170962","1310121","active","0","1","1","1","READY_STOCK_UPDATE"
"671","Outfish","Pants Wave Jogger Blue","000065-0006-2XL","000065-0006-2XL","4751043576768","gid://shopify/ProductVariant/46947942203730","1310101","active","0","1","1","1","READY_STOCK_UPDATE"
"686","Bushmen","Bushmen B-COVER Gear Slings (Mini-hammock for things + Backpack cover) 75g","BU BCvr /L","BU BCvr /L","5902194521659","gid://shopify/ProductVariant/46951765737810","176228278","active","2","3","3","1","READY_STOCK_UPDATE"
"687","Outfish","Wind protection wall FHM Pavillion Blue","000115-0006","000115-0006","4751043575745","gid://shopify/ProductVariant/46951834779986","33573028","active","20","6","6","-14","READY_STOCK_UPDATE"
"688","Outfish","Wind protection wall with windows and zip FHM Pavillion Blue","000116-0006","000116-0006","4751043575769","gid://shopify/ProductVariant/46951835599186","33573018","active","10","4","4","-6","READY_STOCK_UPDATE"
"689","Outfish","Mosquito net for tent FHM Pavillion","000114-0003","000114-0003","4751043575721","gid://shopify/ProductVariant/46951901167954","33573038","active","0","8","8","8","READY_STOCK_UPDATE"
"690","Outfish","Connecter for tent Pavillion Grey","000117-0003","000117-0003","4751043575783","gid://shopify/ProductVariant/46951911227730","33691698","active","3","6","6","3","READY_STOCK_UPDATE"
"691","GearAid","GearAid Iron-On Neoprene Repair Kit","16110-010","16110-010","021563161106","gid://shopify/ProductVariant/47007207162194","194454070","active","5","4","4","-1","READY_STOCK_UPDATE"
"693","GearAid","Tent Fabric Sealant Gear Aid Seam Grip TF 250ml","10607-012","10607-012","021563106077","gid://shopify/ProductVariant/46954024927570","194454088","active","6","3","3","-3","READY_STOCK_UPDATE"
"694","GearAid","Gear Aid Revivex water repellent spray 500 ml","36226-010","36226-010","021563362268","gid://shopify/ProductVariant/46954069197138","194454094","active","20","3","3","-17","READY_STOCK_UPDATE"
"695","Revivex","Gear Aid Revivex Pro Cleaner 250 ml","36295","36295","021563362954","gid://shopify/ProductVariant/46954173661522","194454100","active","4","8","8","4","READY_STOCK_UPDATE"
"706","Lowa","Lowa MADDOX GTX LO TF Black","310630-0999-42","310630-0999-42","4056264353709","gid://shopify/ProductVariant/46954987749714","57148314","active","0","4","4","4","READY_STOCK_UPDATE"
"709","Lowa","Lowa MADDOX GTX LO TF Black","310630-0999-44","310630-0999-44","4056264353730","gid://shopify/ProductVariant/47221598224722","57148324","active","0","3","3","3","READY_STOCK_UPDATE"
"717","Bushmen","Hammock Bushmen BUSHBED Integrated 1mm Mosquito Net Olive 650g","BU BUBEHA olv","BU BUBEHA olv","5902194520676","gid://shopify/ProductVariant/46962405179730","176228275","active","0","-4","","-4","BLOCKED_NEGATIVE_SHOPIFY_INVENTORY"
"719","Lowrance","Lowrance ELITE FS 7 Active Imaging 3-in-1","000-15689-001","000-15689-001","9420064116911","gid://shopify/ProductVariant/47007113838930","88262608","active","0","1","1","1","READY_STOCK_UPDATE"
"724","Bushmen","Bushmen Jungle Mosquito Net for Hammock 300g","BU JAHAMONET","BU JAHAMONET","5902194520836","gid://shopify/ProductVariant/46962735513938","176228269","active","0","1","1","1","READY_STOCK_UPDATE"
"737","Lowa","Lowa Military Boots ZEPHYR MK2 GTX MID, Dark Brown","310854C33-42","310854C33-42","4063606358476","gid://shopify/ProductVariant/47216625320274","155481010","active","0","10","10","10","READY_STOCK_UPDATE"
"738","Lowa","Lowa Military Boots ZEPHYR MK2 GTX MID, Dark Brown","310854C33-42.5","310854C33-42.5","4063606358483","gid://shopify/ProductVariant/46965483438418","155481013","active","0","17","17","17","READY_STOCK_UPDATE"
"741","Lowa","Lowa Military Boots ZEPHYR MK2 GTX MID, Dark Brown","310854C33-44.5","310854C33-44.5","4063606358513","gid://shopify/ProductVariant/46965483798866","155481022","active","0","13","13","13","READY_STOCK_UPDATE"
"742","Lowa","Lowa Military Boots ZEPHYR MK2 GTX MID, Dark Brown","310854C33-45","310854C33-45","4063606358520","gid://shopify/ProductVariant/46965483831634","155481025","active","0","7","7","7","READY_STOCK_UPDATE"
"772","Lowa","Lowa waterproof boots ZEPHYR MK2 GTX Mid TF Ranger Green","310537-0750-42","310537-0750-42","4056264728019","gid://shopify/ProductVariant/46965630501202","57148264","active","0","4","4","4","READY_STOCK_UPDATE"
"775","Lowa","Lowa waterproof boots ZEPHYR MK2 GTX Mid TF Ranger Green","31085C307-44","31085C307-44","4063606358957","gid://shopify/ProductVariant/47715988078930","274463708","active","0","8","8","8","READY_STOCK_UPDATE"
"807","Lowa","Lowa tactical boots ZEPHYR MK2 GTX MID, Black","310854C31-42.5","310854C31-42.5","4063606359084","gid://shopify/ProductVariant/47158097084754","155480995","active","0","2","2","2","READY_STOCK_UPDATE"
"808","Lowa","Lowa tactical boots ZEPHYR MK2 GTX MID, Black","310854C30-43.5","310854C30-43.5","4063606359091","gid://shopify/ProductVariant/46965864104274","155480998","active","0","3","3","3","READY_STOCK_UPDATE"
"810","Lowa","Lowa tactical boots ZEPHYR MK2 GTX MID, Black","310854C30-44.5","310854C30-44.5","4063606359114","gid://shopify/ProductVariant/46965864137042","155481004","active","0","6","6","6","READY_STOCK_UPDATE"
"811","Lowa","Lowa tactical boots ZEPHYR MK2 GTX MID, Black","310854C3099-45","310854C3099-45","4063606359121","gid://shopify/ProductVariant/47726558413138","155481007","active","0","4","4","4","READY_STOCK_UPDATE"
"822","Thermowave","Thermowave 2 IN 1 Thermal Clothing Winter Underwear Longsleeve shirt","112IN1411-990XXL","112IN1411-990XXL","4771999386906","gid://shopify/ProductVariant/47006984438098","85358728","active","2","1","1","-1","READY_STOCK_UPDATE"
"834","Outfish","FHM Stream Softshell Waterproof Hat Beanie Grey","000141-0003-XL","000141-0003-XL","4751043574196","gid://shopify/ProductVariant/46971329380690","32194513","active","5","2","2","-3","READY_STOCK_UPDATE"
"840","Outfish","Fishing Cap Rapper Cotton Olive/Black","RAPCOOLNR","RAPCOOLNR","4751043570178","gid://shopify/ProductVariant/46975780454738","189217042","active","0","1","1","1","READY_STOCK_UPDATE"
"841","Outfish","Fishing Jacket Cuffs Outfish Neoprene","3OUTF001-M","3OUTF001-M","4751043570021","gid://shopify/ProductVariant/46978845933906","399471701","active","13","27","27","14","READY_STOCK_UPDATE"
"842","Outfish","Fishing Jacket Cuffs Outfish Neoprene","3OUTF001-L","3OUTF001-L","4751043570022","gid://shopify/ProductVariant/46978845999442","399471707","active","5","51","51","46","READY_STOCK_UPDATE"
"843","Outfish","Fishing Jacket Cuffs Outfish Neoprene","3OUTF001-XL","3OUTF001-XL","4751043570023","gid://shopify/ProductVariant/46978846032210","399471713","active","5","16","16","11","READY_STOCK_UPDATE"
"844","Soto","SOTO New River Pot and Stove Amicus with Stealth Igniter 216 g","528-0271","528-0271","4953571093179","gid://shopify/ProductVariant/46978958459218","918344012","active","0","-2","","-2","BLOCKED_NEGATIVE_SHOPIFY_INVENTORY"
"861","Feelfree","Kayak Paddle Feelfree Camo Angler's Fiberglass 250CM Lime camo","KAT00118","KAT00118","8858687358776","gid://shopify/ProductVariant/53589282193746","184909975","active","0","-1","","-1","BLOCKED_NEGATIVE_SHOPIFY_INVENTORY"
"880","Thermowave","Thermowave Warm Active Merino Base Layer Pants","12ACTI711-930S","12ACTI711-930S","4771999391108","gid://shopify/ProductVariant/47006750245202","227636843","active","4","2","2","-2","READY_STOCK_UPDATE"
"881","Thermowave","Thermowave Warm Active Merino Base Layer Pants","12ACTI711-930M","12ACTI711-930M","4771999391115","gid://shopify/ProductVariant/47006751129938","227636855","active","4","3","3","-1","READY_STOCK_UPDATE"
"882","Thermowave","Thermowave Warm Active Merino Base Layer Pants","12ACTI711-930L","12ACTI711-930L","4771999391122","gid://shopify/ProductVariant/47006751195474","227636867","active","4","1","1","-3","READY_STOCK_UPDATE"
"883","Thermowave","Thermowave Warm Active Merino Base Layer Pants","12ACTI711-930XL","12ACTI711-930XL","4771999391139","gid://shopify/ProductVariant/47006751228242","227636879","active","0","2","2","2","READY_STOCK_UPDATE"
"884","Thermowave","Thermowave Warm Active Merino Base Layer Pants","12ACTI711-930XXL","12ACTI711-930XXL","4771999391146","gid://shopify/ProductVariant/47006751293778","227636891","active","4","2","2","-2","READY_STOCK_UPDATE"
"886","Outfish","Phone holder Outfish","A64","A64","4751043570213","gid://shopify/ProductVariant/47007009571154","184910017","active","4","1","1","-3","READY_STOCK_UPDATE"
"888","Feelfree","Feelfree Uni-track V2 mounting system","KAT00485","KAT00485","8858687352194","gid://shopify/ProductVariant/47007333744978","75578728","active","0","4","4","4","READY_STOCK_UPDATE"
"892","Thermowave","Thermowave Performance Discover Hiking Merino Wool Socks Mens","12KOJA101-991M","12KOJA101-991M","4771999412698","gid://shopify/ProductVariant/47007480578386","230569604","active","10","8","8","-2","READY_STOCK_UPDATE"
"893","Thermowave","Thermowave Performance Discover Hiking Merino Wool Socks Mens","12KOJA101-991L","12KOJA101-991L","4771999412704","gid://shopify/ProductVariant/47007480611154","230569592","active","15","9","9","-6","READY_STOCK_UPDATE"
"929","Outfish","FHM Pants Wave V2 Black","000127-0002-XS","000127-0002-XS","4751043578883","gid://shopify/ProductVariant/47011731046738","29483078","active","6","5","5","-1","READY_STOCK_UPDATE"
"930","Outfish","FHM Pants Wave V2 Black","000127-0002-S","000127-0002-S","4751043578906","gid://shopify/ProductVariant/47011731079506","29483083","active","0","-1","","-1","BLOCKED_NEGATIVE_SHOPIFY_INVENTORY"
"932","Outfish","FHM Pants Wave V2 Black","000127-0002-L","000127-0002-L","4751043578944","gid://shopify/ProductVariant/47011731145042","29483093","active","0","-1","","-1","BLOCKED_NEGATIVE_SHOPIFY_INVENTORY"
"957","Outfish","Kayak Paddle Holder","A65","A65","475104357026","gid://shopify/ProductVariant/47087555838290","184909999","inactive","0","2","","2","BLOCKED_PHH_OFFER_NOT_ACTIVE"
"998","Lowa","Military Boots Lowa Z 6N Gore Tex C, Black","LOWA3106842","LOWA3106842","4056264349016","gid://shopify/ProductVariant/47158677340498","57148344","active","1","11","11","10","READY_STOCK_UPDATE"
"999","Lowa","Military Boots Lowa Z 6N Gore Tex C, Black","LOWA31068425","LOWA31068425","4056264349023","gid://shopify/ProductVariant/47158677930322","141554241","active","0","18","18","18","READY_STOCK_UPDATE"
"1000","Lowa","Military Boots Lowa Z 6N Gore Tex C, Black","LOWA31068435","LOWA31068435","4056264349030","gid://shopify/ProductVariant/47158677963090","141554232","active","0","6","6","6","READY_STOCK_UPDATE"
"1001","Lowa","Military Boots Lowa Z 6N Gore Tex C, Black","LOWA3106844","LOWA3106844","4056264349047","gid://shopify/ProductVariant/47158677995858","57148349","active","1","3","3","2","READY_STOCK_UPDATE"
"1002","Lowa","Military Boots Lowa Z 6N Gore Tex C, Black","LOWA31068445","LOWA31068445","4056264349054","gid://shopify/ProductVariant/48417494892882","141554223","active","0","17","17","17","READY_STOCK_UPDATE"
"1004","Lowa","Military Boots Lowa Z 6N Gore Tex C, Black","LOWA3106846","LOWA3106846","4056264349078","gid://shopify/ProductVariant/47217542824274","57148359","active","0","5","5","5","READY_STOCK_UPDATE"
"1005","Lowa","Military Boots Lowa Z 6N Gore Tex C, Black","LOWA31068465","LOWA31068465","4048159068465","gid://shopify/ProductVariant/47217542857042","141251058","active","0","4","4","4","READY_STOCK_UPDATE"
"1006","Lowa","Military Boots Lowa Z 6N Gore Tex C, Black","LOWA3106847","LOWA3106847","4048159068470","gid://shopify/ProductVariant/47217542889810","141251064","active","0","6","6","6","READY_STOCK_UPDATE"
"1009","Thermowave","Thermowave Originals Thermal Pants Men Black","12ORGN711-990S","12ORGN711-990S","4771999353106","gid://shopify/ProductVariant/47171752722770","87372633","active","2","1","1","-1","READY_STOCK_UPDATE"
"1011","Thermowave","Thermowave Originals Thermal Pants Men Black","12ORGN711-990L","12ORGN711-990L","4771999353120","gid://shopify/ProductVariant/47171753115986","87372663","active","2","1","1","-1","READY_STOCK_UPDATE"
"1012","Thermowave","Thermowave Originals Thermal Pants Men Black","12ORGN711-990XL","12ORGN711-990XL","4771999353137","gid://shopify/ProductVariant/47171753148754","87372678","active","2","3","3","1","READY_STOCK_UPDATE"
"1018","Thermowave","Thermowave Originals Longsleeve Base Layer Mens Black","12ORGN411-990XL","12ORGN411-990XL","4771999255219","gid://shopify/ProductVariant/47172219666770","87513813","active","2","1","1","-1","READY_STOCK_UPDATE"
"1019","Thermowave","Thermowave Originals Longsleeve Base Layer Mens Black","12ORGN411-990XXL","12ORGN411-990XXL","4771999255226","gid://shopify/ProductVariant/47172219699538","140161278","active","2","3","3","1","READY_STOCK_UPDATE"
"1021","Outfish","Mark EVO V2 Fishing Shirt UV Protection UPF 50 Print Blue","000131-0036-XS","000131-0036-XS","4751043570174","gid://shopify/ProductVariant/47172476371282","26527083","active","5","9","9","4","READY_STOCK_UPDATE"
"1022","Outfish","Mark EVO V2 Fishing Shirt UV Protection UPF 50 Print Blue","000131-0036-S","000131-0036-S","4751043570198","gid://shopify/ProductVariant/47172476436818","26527088","active","5","15","15","10","READY_STOCK_UPDATE"
"1033","Thermowave","Unisex MERINO BEANIE Thermowave","12HATM530-990LXL","12HATM530-990LXL","4771999409162","gid://shopify/ProductVariant/47211788992850","238188707","active","0","3","3","3","READY_STOCK_UPDATE"
"1121","Lowa","LOWA Shoe Clean","LW8308050111","LW8308050111","4056264634099","gid://shopify/ProductVariant/47254175809874","234893777","active","10","6","6","-4","READY_STOCK_UPDATE"
"1122","Lowa","LOWA Water Stop Pro shoe protector spray","8311080111","8311080111","4063606550863","gid://shopify/ProductVariant/47254397813074","247880885","active","10","6","6","-4","READY_STOCK_UPDATE"
"1140","Lowa","LOWA Socks 3-SEASON PRO - Outdoor socks Black","LOWALS40210999","LOWALS40210999","4056264975888","gid://shopify/ProductVariant/47280594288978","234893795","active","2","4","4","2","READY_STOCK_UPDATE"
"1141","Lowa","LOWA Socks 3-SEASON PRO - Outdoor socks Black","LOWALS40210941","LOWALS40210941","4056264975895","gid://shopify/ProductVariant/47280594354514","234893801","active","2","5","5","3","READY_STOCK_UPDATE"
"1220","Opinel","Opinel Picnic+set with fork, spoon, napkin","2501","2501","3123840025013","gid://shopify/ProductVariant/47612565193042","276287159","active","4","1","1","-3","READY_STOCK_UPDATE"
"1250","Bushmen","Hammock Mosquito Net Bushmen Desert high-density mesh 300g","BU DEHAMONET blk","BU DEHAMONET blk","5902194520928","gid://shopify/ProductVariant/47822101381458","881517445","active","3","4","4","1","READY_STOCK_UPDATE"
"1251","Bushmen","Bushmen Thermo Blanket / Thermo Ponco / hammock quilt 750g","BU THBKET olv","BU THBKET olv","5902194521260","gid://shopify/ProductVariant/47822267875666","304098707","active","3","5","5","2","READY_STOCK_UPDATE"
"1253","Bushmen","Hammock Tarp Bushmen EASY Tarp 3x3 green 680g","BU EATARP3x3 gre","BU EATARP3x3 gre","5902194521956","gid://shopify/ProductVariant/47826661212498","304098728","active","0","-1","","-1","BLOCKED_NEGATIVE_SHOPIFY_INVENTORY"
"1254","Outfish","Outfish Insect Shield UV Protection Hoodie UPF50+","4OUTF004-L","4OUTF004-L","4751043570223","gid://shopify/ProductVariant/47826716983634","282422810","active","22","26","26","4","READY_STOCK_UPDATE"
"1255","Outfish","Outfish Insect Shield UV Protection Hoodie UPF50+","4OUTF004-XL","4OUTF004-XL","4751043570224","gid://shopify/ProductVariant/47826717016402","282422816","active","20","29","29","9","READY_STOCK_UPDATE"
"1290","GearAid","GearAid Tenacious Tape Silnylon Patches","10670-010","10670-010","0021563106701","gid://shopify/ProductVariant/48240584917330","330582368","active","4","6","6","2","READY_STOCK_UPDATE"
"1307","Humtto","Humtto UV sleeves to PROTECT ARMS UPF 50+","HB202013-3","HB202013-3","6959740973541","gid://shopify/ProductVariant/48302106804562","348311723","active","2","1","1","-1","READY_STOCK_UPDATE"
"1308","Humtto","Humtto Lightweight women's sports jacket with DWR","17P700B-3M","17P700B-3M","6959740910206","gid://shopify/ProductVariant/49870060716370","338961830","active","0","1","1","1","READY_STOCK_UPDATE"
"1330","Bushmen","Ultralight Tarp Bushmen EASY Tarp 2×3  550g","BU EATARP2x3 gre","BU EATARP2x3 gre","5902194521963","gid://shopify/ProductVariant/48330350264658","343764263","active","4","3","3","-1","READY_STOCK_UPDATE"
"1331","Samstrong","Gaiters Black with Velcro waterproof protection","1316221677","1316221677","6168490791400","gid://shopify/ProductVariant/48338773377362","386446190","active","6","3","3","-3","READY_STOCK_UPDATE"
"1332","Lotu","Hiking Gaiters Zipper","7978555302","7978555302","2550064785500","gid://shopify/ProductVariant/48343820829010","386446187","active","10","15","15","5","READY_STOCK_UPDATE"
"1334","Humtto","Humtto women Cargo joggers","17Q489B-1M","17Q489B-1M","6959740910282","gid://shopify/ProductVariant/48357070405970","348311687","active","0","1","1","1","READY_STOCK_UPDATE"
"1422","Outfish","Portable Coffee Maker for Camping, Car, Boat Self-Heating","6OUTF005","6OUTF005","4751043570246","gid://shopify/ProductVariant/48560613785938","347376908","active","52","21","21","-31","READY_STOCK_UPDATE"
"1463","Light My Fire","Fire Starter Light My Fire Bio Army Orange Firesteel Flint 50 g / 95 mm","2111010310","2111010310","7331423011520","gid://shopify/ProductVariant/49380189634898","364456139","active","3","4","4","1","READY_STOCK_UPDATE"
"1464","Light My Fire","Fire Starter Light My Fire BIO Scout Orange Firesteel Flint 27 g / 77 mm","2111110310","2111110310","7331423011476","gid://shopify/ProductVariant/49380264935762","364456133","active","3","5","5","2","READY_STOCK_UPDATE"
"1480","Lowa","LOWA Socks 3-SEASON PRO Brown","LW402104-39.40","LW402104-39.40","4056264987379","gid://shopify/ProductVariant/49428921188690","236668178","active","5","3","3","-2","READY_STOCK_UPDATE"
"1481","Lowa","LOWA Socks 3-SEASON PRO Brown","LW402104-41.42","LW402104-41.42","4056264987386","gid://shopify/ProductVariant/49428921254226","236668181","active","2","3","3","1","READY_STOCK_UPDATE"
"1486","Thermowave","Base Layer Shirt Thermowave Originals Women’s Black","12ORGN412-990S","12ORGN412-990S","4771999353175","gid://shopify/ProductVariant/49432497914194","373479446","active","4","1","1","-3","READY_STOCK_UPDATE"
"1487","Thermowave","Base Layer Shirt Thermowave Originals Women’s Black","12ORGN412-990M","12ORGN412-990M","4771999353182","gid://shopify/ProductVariant/49432497946962","373479458","active","4","3","3","-1","READY_STOCK_UPDATE"
"1497","Thermowave","Unisex Merino Double Sided Neck Tube green","11TUBM540-780","11TUBM540-780","4771999388092","gid://shopify/ProductVariant/49432784273746","1012260921","active","4","1","1","-3","READY_STOCK_UPDATE"
"1512","Light My Fire","Fire Starter Light My Fire Bio Army brown Firesteel Flint 50 g / 95 mm","2111001210","2111001210","7331423011513","gid://shopify/ProductVariant/49478877282642","369834227","active","4","1","1","-3","READY_STOCK_UPDATE"
"1514","Light My Fire","Light My Fire MyKit sagegreen","2410713110","2410713110","7331423014064","gid://shopify/ProductVariant/49479127794002","369834221","active","4","1","1","-3","READY_STOCK_UPDATE"
"1515","Light My Fire","Light my Fire Spork","4222414610","4222414610","7331423014590","gid://shopify/ProductVariant/49479388201298","369834215","active","4","3","3","-1","READY_STOCK_UPDATE"
"1520","Suited systems","Men's Thermal Shirt “Snow Shield” Extra Warm Black","A-00025.B.05.L","A-00025.B.05.L","4751043570369","gid://shopify/ProductVariant/49491436831058","375876890","active","2","1","1","-1","READY_STOCK_UPDATE"
"1521","Suited systems","Men's Thermal Shirt “Snow Shield” Extra Warm Black","A-00025.B.06.XL","A-00025.B.06.XL","4751043570376","gid://shopify/ProductVariant/49491436863826","375876893","active","2","3","3","1","READY_STOCK_UPDATE"
"1522","Suited systems","Men's Thermal Shirt “Snow Shield” Extra Warm Black","A-00025.B.07.XXL","A-00025.B.07.XXL","4751043570383","gid://shopify/ProductVariant/49491515769170","375876896","active","2","1","1","-1","READY_STOCK_UPDATE"
"1527","Suited systems","Snow Shield Extra Warm Long Thermo Underpants","A-00035.B.04.M","A-00035.B.04.M","4751043570314","gid://shopify/ProductVariant/49491754975570","375876875","active","0","2","2","2","READY_STOCK_UPDATE"
"1528","Suited systems","Snow Shield Extra Warm Long Thermo Underpants","A-00035.B.05.L","A-00035.B.05.L","4751043570321","gid://shopify/ProductVariant/49491755041106","375876878","active","0","1","1","1","READY_STOCK_UPDATE"
"1529","Suited systems","Snow Shield Extra Warm Long Thermo Underpants","A-00035.B.06.XL","A-00035.B.06.XL","4751043570338","gid://shopify/ProductVariant/49491755073874","375876881","active","0","3","3","3","READY_STOCK_UPDATE"
"1560","Lowa","Tactical Boots Lowa ZEPHYR MK2 GTX MID TF, Wolf","310854C35-42.5","310854C35-42.5","4063606358780","gid://shopify/ProductVariant/50161400086866","249944459","active","1","14","14","13","READY_STOCK_UPDATE"
"1585","Thermowave","Thermal Pants Thermowave Merino Warm Active","12ACTI712-930XS","12ACTI712-930XS","4771999391306","gid://shopify/ProductVariant/49554349752658","375235421","active","4","3","3","-1","READY_STOCK_UPDATE"
"1586","Thermowave","Thermal Pants Thermowave Merino Warm Active","12ACTI712-930S","12ACTI712-930S","4771999391313","gid://shopify/ProductVariant/49554349785426","375235433","active","0","3","3","3","READY_STOCK_UPDATE"
"1587","Thermowave","Thermal Pants Thermowave Merino Warm Active","12ACTI712-930M","12ACTI712-930M","4771999391320","gid://shopify/ProductVariant/49554349818194","383825477","active","0","3","3","3","READY_STOCK_UPDATE"
"1589","Thermowave","Thermal Pants Thermowave Merino Warm Active","12ACTI712-930XL","12ACTI712-930XL","4771999391344","gid://shopify/ProductVariant/49554349883730","383825501","active","0","3","3","3","READY_STOCK_UPDATE"
"1606","Thermowave","Unisex Merino Headband grey","12BAND520-980","12BAND520-980","4771999431514","gid://shopify/ProductVariant/49647297397074","385182509","active","6","1","1","-5","READY_STOCK_UPDATE"
"1607","Brandit","Trigger 2 in 1 Gloves Black","BD7021BM","BD7021BM","4051773188774","gid://shopify/ProductVariant/49662423138642","387991877","active","5","1","1","-4","READY_STOCK_UPDATE"
"1609","Brandit","Trigger 2 in 1 Gloves Olive","BD7021GM","BD7021GM","4051773188750","gid://shopify/ProductVariant/49662470914386","387991871","active","5","1","1","-4","READY_STOCK_UPDATE"
"1610","Brandit","Trigger 2 in 1 Gloves Olive","BD7021GL","BD7021GL","4051773188767","gid://shopify/ProductVariant/49662470947154","387991874","active","5","4","4","-1","READY_STOCK_UPDATE"
"1614","Urban Classics","Winter Hat Trapper","TB3870","TB3870","4053838665381","gid://shopify/ProductVariant/49662771888466","385182527","active","0","2","2","2","READY_STOCK_UPDATE"
"1615","Urban Classics","Pom Beanie","TB6532","TB6532","4065812535368","gid://shopify/ProductVariant/49663413125458","385182518","active","4","1","1","-3","READY_STOCK_UPDATE"
"1631","Outfish","Waterproof Socks Outfish 3-Layer Nylon Wool Membrane Black","OUTF406","OUTF406","4751043570406","gid://shopify/ProductVariant/49696361185618","387991883","active","1","9","9","8","READY_STOCK_UPDATE"
"1632","Outfish","Waterproof Socks Outfish 3-Layer Nylon Wool Membrane Black","OUTF413","OUTF413","4751043570413","gid://shopify/ProductVariant/49696361218386","387991886","active","0","3","3","3","READY_STOCK_UPDATE"
"1633","Outfish","Waterproof Socks Outfish 3-Layer Nylon Wool Membrane Black","OUTF420","OUTF420","4751043570420","gid://shopify/ProductVariant/49696361251154","387991889","active","0","13","13","13","READY_STOCK_UPDATE"
"1651","Dry Walker","Insulated EVA Boots Dry Walker X-Track Ultra EVA material","101-42B","101-42B","5903707810703","gid://shopify/ProductVariant/49757043949906","409874393","active","2","3","3","1","READY_STOCK_UPDATE"
"1652","Dry Walker","Insulated EVA Boots Dry Walker X-Track Ultra EVA material","101-43B","101-43B","5903707810710","gid://shopify/ProductVariant/49757043982674","409874399","active","3","2","2","-1","READY_STOCK_UPDATE"
"1654","Dry Walker","Insulated EVA Boots Dry Walker X-Track Ultra EVA material","101-45B","101-45B","5903707810734","gid://shopify/ProductVariant/49757044048210","409874411","active","4","2","2","-2","READY_STOCK_UPDATE"
"1655","Dry Walker","Insulated EVA Boots Dry Walker X-Track Ultra EVA material","101-46B","101-46B","5903707810741","gid://shopify/ProductVariant/49757044080978","409874417","active","4","2","2","-2","READY_STOCK_UPDATE"
"1656","Dry Walker","Insulated EVA Boots Dry Walker X-Track Ultra EVA material","101-47B","101-47B","5903707810963","gid://shopify/ProductVariant/49757044113746","409874423","active","4","2","2","-2","READY_STOCK_UPDATE"
"1671","Dry Walker","Winter Rubber Boots Dry Walker S-TRACK  TURQUOISE","107-42T","107-42T","5907670793810","gid://shopify/ProductVariant/49790389879122","409874459","active","2","1","1","-1","READY_STOCK_UPDATE"
"1672","Dry Walker","Women Winter Rubber Boots Dry Walker S-TRACK black EVA","107-36B","107-36B","5907670793285","gid://shopify/ProductVariant/49790459609426","409874465","active","2","1","1","-1","READY_STOCK_UPDATE"
"1675","Dry Walker","Women Winter Rubber Boots Dry Walker S-TRACK black EVA","107-39B","107-39B","5907670793209","gid://shopify/ProductVariant/49790459707730","409874483","active","2","1","1","-1","READY_STOCK_UPDATE"
"1677","Dry Walker","Women Winter Rubber Boots Dry Walker S-TRACK black EVA","107-41B","107-41B","5907670793223","gid://shopify/ProductVariant/49790459773266","409874495","active","2","4","4","2","READY_STOCK_UPDATE"
"1678","Dry Walker","Women Winter Rubber Boots Dry Walker S-TRACK black EVA","107-42B","107-42B","5907670793278","gid://shopify/ProductVariant/49790459806034","409874501","active","2","1","1","-1","READY_STOCK_UPDATE"
"1721","Humtto","Down Jacket Humtto Black with DWR Technology","47Y764B-3M","47Y764B-3M","6959740912873","gid://shopify/ProductVariant/49835103093074","527818160","active","3","1","1","-2","READY_STOCK_UPDATE"
"1741","Humtto","HUMTTO TrailFlex Women's Hiking Boots","250460B3-38","250460B3-38","6959740913765","gid://shopify/ProductVariant/49835995988306","564016493","active","3","1","1","-2","READY_STOCK_UPDATE"
"1745","Humtto","HUMTTO Women's Hiking Boots TrailGuard Light Grey","250290B5-37","250290B5-37","6959740914600","gid://shopify/ProductVariant/49836180537682","527818295","active","3","1","1","-2","READY_STOCK_UPDATE"
"1756","Humtto","Women’s Softshell Trekking Pants Humtto Lavander","37Q464B-3L","37Q464B-3L","6959740913294","gid://shopify/ProductVariant/49869899596114","520302335","active","2","1","1","-1","READY_STOCK_UPDATE"
"1757","Humtto","Women’s Softshell Trekking Pants Humtto Lavander","37Q464B-3XL","37Q464B-3XL","6959740913295","gid://shopify/ProductVariant/49869899628882","520302341","active","2","1","1","-1","READY_STOCK_UPDATE"
"1759","Humtto","Women’s Softshell Trekking Pants Humtto Lavander","37Q464B-33XL","37Q464B-33XL","6959740913297","gid://shopify/ProductVariant/49869899694418","520302353","active","0","3","3","3","READY_STOCK_UPDATE"
"1761","Humtto","Trekking Pants Humtto Women’s Softshell DWR Water-Repellent Black","37Q464B-1M","37Q464B-1M","6959740913283","gid://shopify/ProductVariant/49869936066898","520302293","active","0","1","1","1","READY_STOCK_UPDATE"
"1763","Humtto","Trekking Pants Humtto Women’s Softshell DWR Water-Repellent Black","37Q464B-1XL","37Q464B-1XL","6959740913285","gid://shopify/ProductVariant/49869936132434","520302305","active","3","1","1","-2","READY_STOCK_UPDATE"
"1764","Humtto","Trekking Pants Humtto Women’s Softshell DWR Water-Repellent Black","37Q464B-12XL","37Q464B-12XL","6959740913286","gid://shopify/ProductVariant/49869936165202","520302311","active","0","2","2","2","READY_STOCK_UPDATE"
"1775","Brandit","Winter cap Brandit with insulated lining","BD7010","BD7010","4051773133286","gid://shopify/ProductVariant/49936503701842","616189716","active","5","4","4","-1","READY_STOCK_UPDATE"
"1787","Bushmen","Tarp Bushmen Easy Tarp 4×3 850g","BUeasyTARP4x3 gre","BUeasyTARP4x3 gre","5902194521970","gid://shopify/ProductVariant/50035059360082","858679303","active","3","5","5","2","READY_STOCK_UPDATE"
"1804","SIGG","Thermal Travel Mug SIGG Night Black 0.3L","6053.8","6053.8","7630135605387","gid://shopify/ProductVariant/50081316569426","516877136","active","4","2","2","-2","READY_STOCK_UPDATE"
"1810","Bushmen","Bushmen Frontier Blanket / Thermal Ponco / Thermo Hammock Quilt 2 kg","BU FRBCO na","BU FRBCO na","5902194522229","gid://shopify/ProductVariant/50109084795218","854199208","active","4","1","1","-3","READY_STOCK_UPDATE"
"1863","GearAid","Wetsuit Shampoo GearAid Revivex Wetsuit+Drysuit Shampoo","30122-014","30122-014","21563301229","gid://shopify/ProductVariant/50548769947986","853392952","active","9","3","3","-6","READY_STOCK_UPDATE"
"1868","GearAid","GearAid Seam Grip+WP Waterproof Sealant&Adhesive 28g","10515-017","10515-017","21563105155","gid://shopify/ProductVariant/50564656169298","759110859","inactive","4","1","","-3","BLOCKED_PHH_OFFER_NOT_ACTIVE"
"1869","GearAid","GearAid Revivex Leather Waterproofing Gel 120 ml","36260","36260","21563362602","gid://shopify/ProductVariant/50564815618386","1132497764","active","4","9","9","5","READY_STOCK_UPDATE"
"1879","GearAid","GearAid axe Balta Camp Grey","63040","63040","0021563630404","gid://shopify/ProductVariant/50565424251218","1041162672","active","4","2","2","-2","READY_STOCK_UPDATE"
"1887","Grisport","Hiking Boots Grisport Andes waxed leather","15011D12t-43","15011D12t-43","4751087386043","gid://shopify/ProductVariant/50576986669394","914608874","active","2","1","1","-1","READY_STOCK_UPDATE"
"1888","Grisport","Hiking Boots Grisport Andes waxed leather","15011D12t-44","15011D12t-44","4751086384444","gid://shopify/ProductVariant/50577018814802","969120407","active","2","1","1","-1","READY_STOCK_UPDATE"
"1889","Grisport","Hiking Boots Grisport Andes waxed leather","15011D12t-45","15011D12t-45","4751087386045","gid://shopify/ProductVariant/50577034215762","969120410","active","2","1","1","-1","READY_STOCK_UPDATE"
"1898","Grisport","Hiking Boots Grisport Quatro waterproof leather","11205D15G-43","11205D15G-43","4038288736443","gid://shopify/ProductVariant/50577320608082","969561707","active","0","-1","","-1","BLOCKED_NEGATIVE_SHOPIFY_INVENTORY"
"1904","Grisport","Hiking Boots Grisport Everest Nubuck Leather Waterproof Brown V69","10303D69G-45","10303D69G-45","4751088442745","gid://shopify/ProductVariant/50577425531218","917051498","active","0","1","1","1","READY_STOCK_UPDATE"
"1905","Grisport","Hiking Boots Grisport Everest Nubuck Leather Waterproof Brown V69","10303D69G-46","10303D69G-46","4751083963046","gid://shopify/ProductVariant/50577443914066","917051501","inactive","2","1","","-1","BLOCKED_PHH_OFFER_NOT_ACTIVE"
"1906","Bushmen","Ultralight 2 person Tent Bushmen CORE-Tent LODGER modular tarp-compatible shelter 1.2 kg","BUCOTELOcoy","BUCOTELOcoy","5902194521673","gid://shopify/ProductVariant/50613884944722","858679312","active","3","1","1","-2","READY_STOCK_UPDATE"
"1917","Lowa","Trail Running Shoes Lowa Fortux QC GTX Black","fortux-gtx42","fortux-gtx42","4063606787900","gid://shopify/ProductVariant/50636028313938","924187988","active","1","12","12","11","READY_STOCK_UPDATE"
"1922","Lowa","Trail Running Shoes Lowa Fortux QC GTX Black","fortux-gtx45","fortux-gtx45","4063606787955","gid://shopify/ProductVariant/50636028477778","1085523516","active","1","12","12","11","READY_STOCK_UPDATE"
"1936","Humtto","Men's Non-Slip Hiking Shoes Humtto Carbon Gray 160628A-5","160628A-546","160628A-546","4751160628546","gid://shopify/ProductVariant/50673562026322","953677595","active","2","1","1","-1","READY_STOCK_UPDATE"
"1943","Humtto","Men’s Breathable Hiking Shoes Humtto Black 160120A-2","160120A-243","160120A-243","4751160120243","gid://shopify/ProductVariant/50701199180114","941613080","active","0","1","1","1","READY_STOCK_UPDATE"
"1949","Humtto","Men’s Non-Slip Trail Running Shoes Humtto Army Green / Deep Rice 860714A-4","860714A-446","860714A-446","4751860714446","gid://shopify/ProductVariant/50701241581906","953677586","active","2","1","1","-1","READY_STOCK_UPDATE"
"1955","Humtto","Hiking Shoes Humtto Suede-style Leather Quick Spinon","160913B-438","160913B-438","4751160913438","gid://shopify/ProductVariant/50707421299026","921190802","active","2","1","1","-1","READY_STOCK_UPDATE"
"1971","Humtto","HUMTTO StoneGrip – Women’s Hiking Shoes Grey 150453B-2","150453B-240","150453B-240","4751150453240","gid://shopify/ProductVariant/50741081866578","924019181","active","2","1","1","-1","READY_STOCK_UPDATE"
"2034","Humtto","Water Filter Bottle 650 ml Blue","HB202415","HB202415","6959740912569","gid://shopify/ProductVariant/50759787774290","854199214","active","14","3","3","-11","READY_STOCK_UPDATE"
"2040","Fjord Nansen","Backpacking Tent Fjord Nansen LIMA II / 3.2 kg tent","ss10398","ss10398","5908221359943","gid://shopify/ProductVariant/50764523110738","793327632","active","3","2","2","-1","READY_STOCK_UPDATE"
"2041","Fjord Nansen","Fjord Nansen TORDIS II PTB 2.0 Tent 2 person","ss10347","ss10347","5908221359974","gid://shopify/ProductVariant/50764818907474","793327644","active","0","1","1","1","READY_STOCK_UPDATE"
"2042","Fjord Nansen","Fjord Nansen Tent ANDY III / 4.1 kg 2-3 person","ss10395","ss10395","5908221359950","gid://shopify/ProductVariant/50765032882514","793327641","active","3","2","2","-1","READY_STOCK_UPDATE"
"2043","Fjord Nansen","Fjord Nansen REKVIK II NG 2.0 / 2.4 kg tent 2 person","ss10319","ss10319","5908221359813","gid://shopify/ProductVariant/50765131153746","793327638","inactive","0","3","","3","BLOCKED_PHH_OFFER_NOT_ACTIVE"
"2045","Fjord Nansen","Winter Sleeping Bag Fjord Nansen STAVOY Envelope with Hood 1°C / 2150g","ss2030","ss2030","5908221344192","gid://shopify/ProductVariant/50771041517906","789522093","active","3","1","1","-2","READY_STOCK_UPDATE"
"2050","Fjord Nansen","JACON TITANIUM SET, 2 items","ss5504","ss5504","5908221349944","gid://shopify/ProductVariant/50778607386962","821048754","active","4","1","1","-3","READY_STOCK_UPDATE"
"2053","Fjord Nansen","A pair of Fjord Nansen GRAVEL 2.0 Trekking poles","ss9209","ss9209","5908221358533","gid://shopify/ProductVariant/50778671776082","928656944","active","3","0","0","-3","READY_STOCK_UPDATE"
"2056","Fjord Nansen","JACON TITANIUM LONG SPOON","ss10343","ss10343","5908221360086","gid://shopify/ProductVariant/50779450671442","1040390262","active","0","3","3","3","READY_STOCK_UPDATE"
"2060","Fjord Nansen","Camping Mattress Fjord Nansen TREKKER NG 400 g r-Value 1.6","1008066","1008066","5908221349814","gid://shopify/ProductVariant/50779622048082","805695153","active","4","2","2","-2","READY_STOCK_UPDATE"
"2073","Lowa","LOWA CARE SET ECO, neutral","8311100113","8311100113","4063606601633","gid://shopify/ProductVariant/50929024958802","881530171","inactive","0","0","","0","BLOCKED_PHH_OFFER_NOT_ACTIVE"
"2078","Bushmen","Camping Mat Bushmen RADICAL Alu dark camo","BUALUMATXL","BUALUMATXL","5902194521703","gid://shopify/ProductVariant/50967645651282","881541739","active","15","5","5","-10","READY_STOCK_UPDATE"
"2094","Fjord Nansen","Winter sleeping bag Fjord Nansen HADSEL MID RIGHT  -8°C / 1700g / 198 cm","ss9485","ss9485","5908221358298","gid://shopify/ProductVariant/51096255660370","1040390268","active","4","5","5","1","READY_STOCK_UPDATE"
"2096","Fjord Nansen","Fjord Nansen PROFI LINER sheet 265g","ss6106","ss6106","5908221350094","gid://shopify/ProductVariant/51096379130194","928378511","active","4","1","1","-3","READY_STOCK_UPDATE"
"2108","Fjord Nansen","Quick-drying towel TRAMP L 160g / 120x60cm","kj0358","kj0358","5908221339006","gid://shopify/ProductVariant/51129824248146","928392116","active","5","1","1","-4","READY_STOCK_UPDATE"
"2110","Fjord Nansen","Waterproof Backpack Fjord Nansen Adventure 500D Reinforced PVC  23L","ss8923","ss8923","5908221357314","gid://shopify/ProductVariant/51129953222994","918387206","active","4","3","3","-1","READY_STOCK_UPDATE"
"2111","Fjord Nansen","HIP BAG 3L Waterproof Hip Bag","ss8925","ss8925","5908221357529","gid://shopify/ProductVariant/51130000310610","918959768","active","4","6","6","2","READY_STOCK_UPDATE"
"2122","Light My Fire","Light My Fire MyCup`n Lid Short 4-pack nature","2459511615","2459511615","7331423013517","gid://shopify/ProductVariant/51146739122514","1014283212","active","4","3","3","-1","READY_STOCK_UPDATE"
"2142","Soto","Cooking Set SOTO Navigator Cook Set SOD-501 anodized aluminum 480 g","SOTO SOD-501","SOTO SOD-501","4953571295008","gid://shopify/ProductVariant/51195133428050","918356822","active","2","1","1","-1","READY_STOCK_UPDATE"
"2146","Fjord Nansen","Fjord Nansen BODO 40 L backpack","ss1873","ss1873","5908221344314","gid://shopify/ProductVariant/51223505404242","927904088","active","3","7","7","4","READY_STOCK_UPDATE"
"2149","Fjord Nansen","VARDO MID sleeping bag 8°C / 880g / 198 cm","ss4303","ss4303","5908221347827","gid://shopify/ProductVariant/51278621507922","927909686","active","4","2","2","-2","READY_STOCK_UPDATE"
"2153","Fjord Nansen","Quick-Drying Ultralight Towel Fjord Nansen Tramp 120 x 60 cm","S2081","S2081","5908221339020","gid://shopify/ProductVariant/51288683250002","928067303","active","5","4","4","-1","READY_STOCK_UPDATE"
"2157","Fjord Nansen","Thermal Bottle with Straw Fjord Nansen Kaldi Stainless Steel 650 ml Khaki","ss11498g","ss11498g","5908221360901","gid://shopify/ProductVariant/51288967151954","951223715","active","3","2","2","-1","READY_STOCK_UPDATE"
"2158","Fjord Nansen","Thermal Bottle with Straw Fjord Nansen Kaldi Stainless Steel 650 ml orange","ss11499o","ss11499o","5908221360895","gid://shopify/ProductVariant/51289087279442","928218194","active","3","0","0","-3","READY_STOCK_UPDATE"
"2186","Alpina","Hiking Boots Alpina Performance black/red","694F-2B45","694F-2B45","3838405052914","gid://shopify/ProductVariant/51485446668626","950178047","active","3","1","1","-2","READY_STOCK_UPDATE"
"2187","Alpina","Hiking Boots Alpina Performance black/red","694F-2B46","694F-2B46","3838405052921","gid://shopify/ProductVariant/51485450961234","950178050","active","3","1","1","-2","READY_STOCK_UPDATE"
"2194","Alpina","Women's Hiking Shoes Alpina Lin 24 leather","622F-3K38","622F-3K38","3838405339671","gid://shopify/ProductVariant/51490654617938","950540897","active","3","1","1","-2","READY_STOCK_UPDATE"
"2197","Alpina","Women's Hiking Shoes Alpina Lin 24 leather","622F-3K39","622F-3K39","3838405339688","gid://shopify/ProductVariant/51543796613458","950542517","active","3","1","1","-2","READY_STOCK_UPDATE"
"2198","Alpina","Hiking Shoes Alpina PRIMA LOW 2.0 Black","631D-1B37.5","631D-1B37.5","3838405055229","gid://shopify/ProductVariant/51491558195538","950739080","active","3","1","1","-2","READY_STOCK_UPDATE"
"2199","Alpina","Hiking Shoes Alpina PRIMA LOW 2.0 Black","631D-1B38","631D-1B38","3838405055236","gid://shopify/ProductVariant/51491584246098","950801711","active","3","1","1","-2","READY_STOCK_UPDATE"
"2201","Alpina","Hiking Shoes Alpina PRIMA LOW 2.0 Black","631D-1B39.5","631D-1B39.5","3838405055250","gid://shopify/ProductVariant/51491606364498","950801717","active","3","1","1","-2","READY_STOCK_UPDATE"
"2246","Grisport","Hiking Boots Grisport leather upper","14801tv50tn-38","14801tv50tn-38","4038280073638","gid://shopify/ProductVariant/51681531232594","969450413","active","3","1","1","-2","READY_STOCK_UPDATE"
"2247","Grisport","Hiking Boots Grisport leather upper","14801tv50tn-39","14801tv50tn-39","4038280073639","gid://shopify/ProductVariant/51627428151634","969561698","active","3","1","1","-2","READY_STOCK_UPDATE"
"2249","Grisport","Hiking Boots Grisport leather upper","14801tv50tn-41","14801tv50tn-41","4038280073641","gid://shopify/ProductVariant/51627463967058","969561704","active","3","1","1","-2","READY_STOCK_UPDATE"
"2251","Grisport","Women Trekking Shoes Grisport nubuk","14903N13G-39","14903N13G-39","4038247633855","gid://shopify/ProductVariant/51627647631698","969561692","active","3","1","1","-2","READY_STOCK_UPDATE"
"2254","Grisport","Hiking Boots Grisport Soletta leather upper Black","14801v51G-41","14801v51G-41","8601000011908","gid://shopify/ProductVariant/51683269443922","969470828","active","3","1","1","-2","READY_STOCK_UPDATE"
"2255","Grisport","Hiking Boots Grisport Soletta leather upper Black","14801v51G-42","14801v51G-42","8601000011915","gid://shopify/ProductVariant/51634644681042","969561722","active","3","1","1","-2","READY_STOCK_UPDATE"
"2271","Fjord Nansen","Fjord Nansen  RIFFE WOMEN Leggings","ss8688XS","ss8688XS","5908221356089","gid://shopify/ProductVariant/51635862143314","1001292684","active","3","2","2","-1","READY_STOCK_UPDATE"
"2272","Fjord Nansen","Fjord Nansen  RIFFE WOMEN Leggings","ss8688S-M","ss8688S-M","5908221356096","gid://shopify/ProductVariant/51635862176082","1014283200","active","3","1","1","-2","READY_STOCK_UPDATE"
"2273","Fjord Nansen","Fjord Nansen  RIFFE WOMEN Leggings","ss8688L-XL","ss8688L-XL","5908221356102","gid://shopify/ProductVariant/51635862208850","1014283203","active","3","2","2","-1","READY_STOCK_UPDATE"
"2274","Fjord Nansen","HYGGE BEANIE Cap beige","ss10747/mw","ss10747/mw","5908221360574","gid://shopify/ProductVariant/51641844629842","1001284605","active","3","2","2","-1","READY_STOCK_UPDATE"
"2276","Fjord Nansen","HYGGE BEANIE Cap black","ss10748/mw","ss10748/mw","5908221360550","gid://shopify/ProductVariant/51642569654610","1001267328","active","3","2","2","-1","READY_STOCK_UPDATE"
"2277","Fjord Nansen","HYGGE BEANIE Cap burgundy","ss10749/mw","ss10749/mw","5908221360567","gid://shopify/ProductVariant/51642601800018","1001266986","active","3","1","1","-2","READY_STOCK_UPDATE"
"2278","Fjord Nansen","LIGHT MERINOULL BEANIE Hat black","ss10755/mw","ss10755/mw","5908221360512","gid://shopify/ProductVariant/51642728612178","1001265879","active","3","1","1","-2","READY_STOCK_UPDATE"
"2363","Thermowave","Unisex's Merino Gloves black","14GLVM810-990SM","14GLVM810-990SM","4771999431378","gid://shopify/ProductVariant/51840066552146","1009704504","active","3","1","1","-2","READY_STOCK_UPDATE"
"2364","Thermowave","Unisex's Merino Gloves black","14GLVM810-990LXL","14GLVM810-990LXL","4771999431385","gid://shopify/ProductVariant/51840099811666","1014283206","active","3","2","2","-1","READY_STOCK_UPDATE"
"2366","ARA","Loafers ARA Lisbon, darkblue","B09ZK59GQ1","B09ZK59GQ1","4030219324389","gid://shopify/ProductVariant/52003973824850","998877696","active","8","4","4","-4","READY_STOCK_UPDATE"
"2368","Apache","Safety Boots Apache brown leather 43 size","B0776XMDTS","B0776XMDTS","5055338415748","gid://shopify/ProductVariant/51844015784274","999199770","active","0","1","1","1","READY_STOCK_UPDATE"
"2376","Mammut","Mammut Women's Nova III Mid GTX Trekking & Hiking Shoes","B0797YY6VL","B0797YY6VL","7613357209885","gid://shopify/ProductVariant/52516744102226","1056185523","active","4","1","1","-3","READY_STOCK_UPDATE"
"2377","Mammut","Mammut Nova Tour II High GTX Women 38 2/3","B07MCD1Q4R","B07MCD1Q4R","7613357453288","gid://shopify/ProductVariant/52516742955346","1056090672","active","4","1","1","-3","READY_STOCK_UPDATE"
"2378","Mil-Tec","Mil-Tec US Speed Lace Desert Combat Boots khaki","B004OU61Q4","B004OU61Q4","4046872162084","gid://shopify/ProductVariant/51850411245906","1000026975","active","3","1","1","-2","READY_STOCK_UPDATE"
"2380","Mil-Tec","Mil-Tec US Speed Lace Desert Combat Boots khaki","B004OUEMFQ","B004OUEMFQ","4046872162114","gid://shopify/ProductVariant/51850435756370","1000030560","active","3","1","1","-2","READY_STOCK_UPDATE"
"2385","Mil-Tec","Mil-Tec Normani Outdoor Sports Tactical Boot grey","B071DR6J3F","B071DR6J3F","4046872383892","gid://shopify/ProductVariant/51850514923858","1000013058","active","3","1","1","-2","READY_STOCK_UPDATE"
"2386","Mil-Tec","Mil-Tec Normani Outdoor Sports Tactical Boot grey","B072BCVY8G","B072BCVY8G","4046872383915","gid://shopify/ProductVariant/51850573873490","1000018485","active","0","-1","","-1","BLOCKED_NEGATIVE_SHOPIFY_INVENTORY"
"2402","Grisport","Hiking Boots Grisport Waterproof Black","14717A5tn-39","14717A5tn-39","4751887890139","gid://shopify/ProductVariant/51851800641874","1001292654","active","3","2","2","-1","READY_STOCK_UPDATE"
"2405","Grisport","Trekking Boots Grisport Blue Nubuck","13711S49tn-37","13711S49tn-37","4751887877437","gid://shopify/ProductVariant/51851936432466","985032608","active","3","1","1","-2","READY_STOCK_UPDATE"
"2406","Grisport","Trekking Boots Grisport Blue Nubuck","13711S49tn-38","13711S49tn-38","4751887877438","gid://shopify/ProductVariant/51852021760338","985154729","active","3","2","2","-1","READY_STOCK_UPDATE"
"2407","Grisport","Trekking Boots Grisport Blue Nubuck","13711S49tn-39","13711S49tn-39","4751887877439","gid://shopify/ProductVariant/51852030869842","985154732","active","3","1","1","-2","READY_STOCK_UPDATE"
"2408","Grisport","Trekking Boots Grisport Blue Nubuck","13711S49tn-40","13711S49tn-40","4751887877440","gid://shopify/ProductVariant/51852042371410","985154735","active","3","1","1","-2","READY_STOCK_UPDATE"
"2410","Grisport","Hunting Boots Grisport Dakar Black Leather Winter Boots","11601o77tn-41","11601o77tn-41","4751887506341","gid://shopify/ProductVariant/51852112986450","998785640","active","3","2","2","-1","READY_STOCK_UPDATE"
"2411","Grisport","Hunting Boots Grisport Dakar Black Leather Winter Boots","11601o77tn-42","11601o77tn-42","4751887506342","gid://shopify/ProductVariant/51852145623378","1001292669","active","3","2","2","-1","READY_STOCK_UPDATE"
"2412","Grisport","Hunting Boots Grisport Dakar Black Leather Winter Boots","11601o77tn-43","11601o77tn-43","4751887506343","gid://shopify/ProductVariant/51852158337362","1001292672","active","3","1","1","-2","READY_STOCK_UPDATE"
"2413","Grisport","Hunting Boots Grisport Dakar Black Leather Winter Boots","11601o77tn-44","11601o77tn-44","4751887506344","gid://shopify/ProductVariant/51852171411794","1001292675","active","3","2","2","-1","READY_STOCK_UPDATE"
"2414","Grisport","Hunting Boots Grisport Dakar Black Leather Winter Boots","11601o77tn-45","11601o77tn-45","4751887506345","gid://shopify/ProductVariant/51852193169746","1001292678","active","3","1","1","-2","READY_STOCK_UPDATE"
"2467","Fjord Nansen","Down sleeping bag Fjord Nansen NORDKAPP 300 XL RIGHT -1°C / 700 g 225 cm","ss9086","ss9086","5908221358663","gid://shopify/ProductVariant/51886544191826","1039534578","active","4","1","1","-3","READY_STOCK_UPDATE"
"2468","Humtto","Waterproof Down Jacket Humtto Women 2-in-1 Black","46C138B-3-M","46C138B-3-M","6959740912835","gid://shopify/ProductVariant/51893120074066","1041162705","active","4","2","2","-2","READY_STOCK_UPDATE"
"2469","Humtto","Waterproof Down Jacket Humtto Women 2-in-1 Black","46C138B-3L","46C138B-3L","6959740912836","gid://shopify/ProductVariant/51893134426450","1050692529","active","4","1","1","-3","READY_STOCK_UPDATE"
"2470","Humtto","Waterproof Down Jacket Humtto Women 2-in-1 Black","46C138B-32XL","46C138B-32XL","6959740912837","gid://shopify/ProductVariant/51893141307730","1050692535","active","4","1","1","-3","READY_STOCK_UPDATE"
"2472","Humtto","Waterproof Down Jacket Humtto Women 2-in-1 Black","46C138B-34XL","46C138B-34XL","6959740912839","gid://shopify/ProductVariant/51893157003602","1050692547","active","4","1","1","-3","READY_STOCK_UPDATE"
"2474","Humtto","Waterproof Humtto Jacket 2 in 1 Black/White","37C132B-1L","37C132B-1L","6959740914836","gid://shopify/ProductVariant/51893357085010","1041162690","active","0","2","2","2","READY_STOCK_UPDATE"
"2478","Humtto","Waterproof Humtto Jacket 2 in 1 Black/White","37C132B-14XL","37C132B-14XL","6959740914839","gid://shopify/ProductVariant/51893422096722","1055364993","active","0","2","2","2","READY_STOCK_UPDATE"
"2497","Humtto","Softshell Jacket Humtto Black Water resistant DWR","38J109B-1M","38J109B-1M","6959740919605","gid://shopify/ProductVariant/51901237199186","1050692553","active","4","2","2","-2","READY_STOCK_UPDATE"
"2498","Humtto","Softshell Jacket Humtto Black Water resistant DWR","38J109B-1L","38J109B-1L","6959740919606","gid://shopify/ProductVariant/51901280420178","1050692559","active","4","1","1","-3","READY_STOCK_UPDATE"
"2499","Humtto","Softshell Jacket Humtto Black Water resistant DWR","38J109B-1XL","38J109B-1XL","6959740919607","gid://shopify/ProductVariant/51901285990738","1050692565","active","4","2","2","-2","READY_STOCK_UPDATE"
"2500","Humtto","Softshell Jacket Humtto Black Water resistant DWR","38J109B-12XL","38J109B-12XL","6959740919608","gid://shopify/ProductVariant/51901310468434","1050692571","active","4","2","2","-2","READY_STOCK_UPDATE"
"2501","Humtto","Softshell Jacket Humtto Black Water resistant DWR","38J109B-13XL","38J109B-13XL","6959740919609","gid://shopify/ProductVariant/51901338255698","1050692577","active","4","2","2","-2","READY_STOCK_UPDATE"
"2558","Fjord Nansen","FALL 200 fleece cap Unisex","ss5613LXL","ss5613LXL","5908221350131","gid://shopify/ProductVariant/51948570575186","1008590964","active","3","1","1","-2","READY_STOCK_UPDATE"
"2572","Comodo","Alpaca merino wool light hiker socks pink","STAL/02/35-38","STAL/02/35-38","5903282603332","gid://shopify/ProductVariant/52175731392850","1021962285","active","0","10","10","10","READY_STOCK_UPDATE"
"2573","Comodo","Alpaca merino wool light hiker socks pink","STAL/02/39-42","STAL/02/39-42","5903282603349","gid://shopify/ProductVariant/52175903326546","1029610281","active","0","10","10","10","READY_STOCK_UPDATE"
"2578","Comodo","Comodo Lightweight Alpaca Hiking Socks orange","STAL/12/35-38","STAL/12/35-38","5903282622760","gid://shopify/ProductVariant/52176480207186","1038799692","active","4","10","10","6","READY_STOCK_UPDATE"
"2579","Comodo","Comodo Lightweight Alpaca Hiking Socks orange","STAL/12/39-42","STAL/12/39-42","5903282622777","gid://shopify/ProductVariant/52176497705298","1041162624","active","0","10","10","10","READY_STOCK_UPDATE"
"2585","Comodo","Comodo Merino wool Hiker mountains socks khaki","TRE12/03/35-38","TRE12/03/35-38","5903282604933","gid://shopify/ProductVariant/52179767165266","1039160103","active","4","14","14","10","READY_STOCK_UPDATE"
"2586","Comodo","Comodo Merino wool Hiker mountains socks khaki","TRE12/03/39-42","TRE12/03/39-42","5903282604940","gid://shopify/ProductVariant/52179804291410","1041162633","active","4","11","11","7","READY_STOCK_UPDATE"
"2587","Comodo","Comodo Merino wool Hiker mountains socks khaki","TRE12/03/43-46","TRE12/03/43-46","5903282604957","gid://shopify/ProductVariant/52179814416722","1041162636","active","0","10","10","10","READY_STOCK_UPDATE"
"2588","Nalgene","Nalgene water bottle 1L Trout w/Landscape Forest","682023-0218","682023-0218","661195006262","gid://shopify/ProductVariant/52179896828242","1136555483","active","4","1","1","-3","READY_STOCK_UPDATE"
"2590","Nalgene","Nalgene 1L water bottle WM Odyssey Gray w/ Moonse","682023-0217","682023-0217","661195005791","gid://shopify/ProductVariant/52179975897426","1014169443","active","4","2","2","-2","READY_STOCK_UPDATE"
"2592","GearAid","GearAid Seam Grip+WP Waterproof Sealant&Adhesive","11541-013","11541-013","0021563115413","gid://shopify/ProductVariant/52197578244434","1041162678","active","4","1","1","-3","READY_STOCK_UPDATE"
"2595","Fjord Nansen","Merino Ski Socks with Kevlar","ss949835-38","ss949835-38","5908221358502","gid://shopify/ProductVariant/52205909180754","1039160157","active","4","2","2","-2","READY_STOCK_UPDATE"
"2596","Fjord Nansen","Merino Ski Socks with Kevlar","ss949839-42","ss949839-42","5908221358519","gid://shopify/ProductVariant/52205914849618","1041162645","active","4","1","1","-3","READY_STOCK_UPDATE"
"2597","Fjord Nansen","Merino Ski Socks with Kevlar","ss949843-46","ss949843-46","5908221358526","gid://shopify/ProductVariant/52205918749010","1041162648","active","4","1","1","-3","READY_STOCK_UPDATE"
"2601","Fjord Nansen","ARLA Passport Bag","ss10320","ss10320","5908221360055","gid://shopify/ProductVariant/52206021476690","1040390250","active","4","1","1","-3","READY_STOCK_UPDATE"
"2602","Fjord Nansen","Travel Pouch STORD 2 Ripstop Under-Clothing Document Security Black","ss10353","ss10353","5908221360062","gid://shopify/ProductVariant/52206025638226","1040390256","active","4","0","0","-4","READY_STOCK_UPDATE"
"2724","Comodo","Hiking Socks Comodo Merino Wool khaki","TRE18/11/35-38","TRE18/11/35-38","5903282627956","gid://shopify/ProductVariant/52485900697938","1039160115","active","4","11","11","7","READY_STOCK_UPDATE"
"2725","Comodo","Hiking Socks Comodo Merino Wool khaki","TRE18/11/39-42","TRE18/11/39-42","5903282627963","gid://shopify/ProductVariant/52485919998290","1039160127","active","0","11","11","11","READY_STOCK_UPDATE"
"2726","Comodo","Hiking Socks Comodo Merino Wool khaki","TRE18/11/43-46","TRE18/11/43-46","5903282627970","gid://shopify/ProductVariant/52485932286290","1039160139","active","4","5","5","1","READY_STOCK_UPDATE"
"2727","Nalgene","1L Nalgene bottle Botanical FernsSustain","682023-0212","682023-0212","661195005746","gid://shopify/ProductVariant/52485978849618","1055745705","active","4","0","0","-4","READY_STOCK_UPDATE"
"2763","Beagles","Waterproof Laptop Backpack Beagles Rolltop 15.6 Inch Olive Ryanair Cabin","21263029","21263029","8720673084535","gid://shopify/ProductVariant/52638698373458","1037643657","active","4","2","2","-2","READY_STOCK_UPDATE"
"2764","Beagles","Ryanair Cabin Backpack Beagles Bando Compact Black","24219001","24219001","8720673193756","gid://shopify/ProductVariant/52638794711378","1037643651","active","4","3","3","-1","READY_STOCK_UPDATE"
"2766","Beagles","Waterproof Notebook Backpack Beagles Rolltop Ryanair Cabin Grey","25268012","25268012","8720673070385","gid://shopify/ProductVariant/52638906909010","1037643663","active","4","3","3","-1","READY_STOCK_UPDATE"
"2767","Beagles","Waterproof rolltop Beagles Originals Multicolor Backpack 15,6 inch (34.5x19.4 cm)","21179034","21179034","8720673186086","gid://shopify/ProductVariant/52639355928914","1036913592","active","4","2","2","-2","READY_STOCK_UPDATE"
"2790","Gear Aid","GearAid Tenacious Tape Flex Patches","10800","10800","0021563108002","gid://shopify/ProductVariant/52714767057234","1041162684","active","4","5","5","1","READY_STOCK_UPDATE"
"2793","Grisport","Hiking Boots Grisport Canyon waxed leather","15203D44G-44","15203D44G-44","4751035665301","gid://shopify/ProductVariant/52725508505938","914624522","active","2","1","1","-1","READY_STOCK_UPDATE"
"2796","Grisport","Hiking Boots Grisport Nubuck Vibram Sole Waterproof Black","14409 N43tn-37","14409 N43tn-37","4751887887137","gid://shopify/ProductVariant/52736647954770","1043127882","active","4","2","2","-2","READY_STOCK_UPDATE"
"2797","Grisport","Hiking Boots Grisport Nubuck Vibram Sole Waterproof Black","14409 N43tn-38","14409 N43tn-38","4751887887138","gid://shopify/ProductVariant/52736664731986","1050490539","active","4","3","3","-1","READY_STOCK_UPDATE"
"2798","Grisport","Hiking Boots Grisport Nubuck Vibram Sole Waterproof Black","14409 N43tn-39","14409 N43tn-39","4751887887139","gid://shopify/ProductVariant/52736671449426","1050490542","active","4","3","3","-1","READY_STOCK_UPDATE"
"2799","Grisport","Hiking Boots Grisport Nubuck Vibram Sole Waterproof Black","14409 N43tn-40","14409 N43tn-40","4751887887140","gid://shopify/ProductVariant/52736673939794","1050490545","active","4","1","1","-3","READY_STOCK_UPDATE"
"2801","Grisport","Hiking Boots Grisport Cordura and Nubuck Leather Waterproof Brown","14411 S18tn-37","14411 S18tn-37","4751887510637","gid://shopify/ProductVariant/52736695828818","1050490554","active","4","2","2","-2","READY_STOCK_UPDATE"
"2802","Grisport","Hiking Boots Grisport Cordura and Nubuck Leather Waterproof Brown","14411 S18tn-38","14411 S18tn-38","4751887510638","gid://shopify/ProductVariant/52736703136082","1052553555","active","4","2","2","-2","READY_STOCK_UPDATE"
"2803","Grisport","Hiking Boots Grisport Cordura and Nubuck Leather Waterproof Brown","14411 S18tn-39","14411 S18tn-39","4751887510639","gid://shopify/ProductVariant/52736707559762","1052553558","active","4","3","3","-1","READY_STOCK_UPDATE"
"2804","Grisport","Hiking Boots Grisport Cordura and Nubuck Leather Waterproof Brown","14411 S18tn-40","14411 S18tn-40","4751887510640","gid://shopify/ProductVariant/52736710476114","1052553561","active","4","2","2","-2","READY_STOCK_UPDATE"
"2805","Grisport","Hiking Boots Grisport Cordura and Nubuck Leather Waterproof Brown","14411 S18tn-41","14411 S18tn-41","4751887510641","gid://shopify/ProductVariant/52736723026258","1052553564","active","4","2","2","-2","READY_STOCK_UPDATE"
"2806","Grisport","Low Hiking Boots Grisport Nubuck Leather Vibram Sole Waterproof Green","14901 S50tn-41","14901 S50tn-41","4751887503541","gid://shopify/ProductVariant/52736748814674","1050490590","active","4","2","2","-2","READY_STOCK_UPDATE"
"2807","Grisport","Low Hiking Boots Grisport Nubuck Leather Vibram Sole Waterproof Green","14901 S50tn-42","14901 S50tn-42","4751887503542","gid://shopify/ProductVariant/52736759300434","1052553579","active","4","2","2","-2","READY_STOCK_UPDATE"
"2808","Grisport","Low Hiking Boots Grisport Nubuck Leather Vibram Sole Waterproof Green","14901 S50tn-43","14901 S50tn-43","4751887503543","gid://shopify/ProductVariant/52736760938834","1052553582","active","4","1","1","-3","READY_STOCK_UPDATE"
"2809","Grisport","Low Hiking Boots Grisport Nubuck Leather Vibram Sole Waterproof Green","14901 S50tn-44","14901 S50tn-44","4751887503544","gid://shopify/ProductVariant/52736767361362","1052553585","active","4","1","1","-3","READY_STOCK_UPDATE"
"2810","Grisport","Low Hiking Boots Grisport Nubuck Leather Vibram Sole Waterproof Green","14901 S50tn-45","14901 S50tn-45","4751887503545","gid://shopify/ProductVariant/52736767426898","1052553588","active","4","2","2","-2","READY_STOCK_UPDATE"
"2811","Grisport","Hiking Boots Grisport Delta Low breathable 3D Air lining Black","44427 V82tn-37","44427 V82tn-37","4751888308237","gid://shopify/ProductVariant/52736790659410","1050490572","active","4","1","1","-3","READY_STOCK_UPDATE"
"2813","Grisport","Hiking Boots Grisport Delta Low breathable 3D Air lining Black","44427 V82tn-39","44427 V82tn-39","4751888308239","gid://shopify/ProductVariant/52736801243474","1052553570","active","4","3","3","-1","READY_STOCK_UPDATE"
"2815","Grisport","Hiking Boots Grisport Delta Low breathable 3D Air lining Black","44427 V82tn-41","44427 V82tn-41","4751888308241","gid://shopify/ProductVariant/52736822182226","1052553576","active","4","1","1","-3","READY_STOCK_UPDATE"
"2947","Beagles","Beagles Kyoto underseat hand luggage  Backpack black","24216001","24216001","8720673177435","gid://shopify/ProductVariant/53139425853778","1079166984","active","5","3","3","-2","READY_STOCK_UPDATE"
"3135","Firemaple","Camping Gas Stove Fire-Maple FMS-105 3000W","FMS-105","FMS-105","6971490127048","gid://shopify/ProductVariant/53948425666898","1108974524","active","5","2","2","-3","READY_STOCK_UPDATE"
"3136","Firemaple","Integrated Camp Stove Set Fire-Maple FM Star X2 2200 W, 1 L, Orange","FMSTARX2","FMSTARX2","6971490126225","gid://shopify/ProductVariant/53948451127634","1115464037","active","5","3","3","-2","READY_STOCK_UPDATE"
"3137","Firemaple","Ultralight Cooking System Fire-Maple Petrel 600 ml","FMPUCSHII","FMPUCSHII","6971490128014","gid://shopify/ProductVariant/53948453585234","1109533091","active","5","1","1","-4","READY_STOCK_UPDATE"
"3138","Firemaple","Ultralight Backpacking Pot Fire-Maple Petrel 750 ml","FMPUP75","FMPUP75","6942332000782","gid://shopify/ProductVariant/53948455321938","1108974542","active","4","1","1","-3","READY_STOCK_UPDATE"
"3139","Firemaple","Ramen Pot Fire-Maple Petrel 800 ml","FMPRP8","FMPRP8","6942332001451","gid://shopify/ProductVariant/53948464431442","1109211458","active","5","3","3","-2","READY_STOCK_UPDATE"